demand_id,title,description,user_scenario,demand_type,source_cluster_A,source_cluster_B,related_phrases_count,business_value,status
1,汽车仪表盘符号含义查询,用户频繁搜索汽车仪表盘上各种符号、指示灯的含义和解释。这表明用户在驾驶或检查车辆时，遇到不熟悉的警示灯或图标，需要快速、准确地理解其代表的车况或故障信息，以避免误操作或忽视潜在安全问题。痛点在于仪表盘符号繁多且可能因车型而异，用户难以记忆或即时获取权威解读。,用户希望快速识别并理解汽车仪表盘上出现的符号、指示灯的具体含义和应对措施。,other,1174,11740000,6,high,idea
2,新手友好的Home Assistant仪表板需求,用户（尤其是初学者）在寻找或创建Home Assistant仪表板时，面临信息过载和选择困难。他们需要一个清晰、直观且易于设置的仪表板解决方案，能够快速整合关键信息，避免复杂的配置过程，从而降低智能家居系统的入门门槛，提升管理效率和使用体验。,用户希望找到或创建一个适合初学者的、美观且易于设置的Home Assistant家庭控制中心仪表板。,other,1174,11740001,5,medium,idea
3,理解汽车仪表盘指示灯含义与应对,用户在驾驶时，当仪表盘上出现各种颜色（尤其是黄色）和符号的警告灯时，感到困惑和担忧。他们不清楚这些指示灯的具体含义、代表的故障严重程度以及应该采取何种应对措施（如是否需要立即停车、能否继续行驶、是否需要专业维修）。这种不确定性可能导致用户忽视潜在危险，或对轻微问题过度反应，影响驾驶安全和决策效率。,用户希望快速、准确地识别仪表盘上各种警告灯（特别是黄色警告灯）的含义，了解其代表的潜在问题、紧急程度以及正确的处理方式。,other,1174,11740002,11,high,idea
4,汽车仪表板维修、更换与翻新服务需求,用户主要寻求针对汽车仪表板的修复、更换或翻新服务。从搜索短语可以看出，用户的核心需求是解决仪表板出现的各种问题（如破损、老化、功能故障），并希望找到便捷、经济的解决方案。其痛点不仅在于仪表板本身，更在于如何快速找到可靠、就近且价格合理的服务提供商或DIY维修套件。搜索中频繁出现“near me”和“cheap”，突显了用户对服务可及性与成本的高度敏感。,用户希望找到本地、经济实惠的汽车仪表板维修、更换或翻新服务，或购买DIY维修套件自行处理。,other,1174,11740003,7,high,idea
5,新手寻求免费、易用的在线仪表盘创建与学习,用户（尤其是初学者）希望找到或创建一个在线仪表盘，用于数据可视化或信息展示。他们面临的主要痛点包括：不知道仪表盘在哪里（如在汽车、手机或特定软件中），难以找到免费、易用的创建工具（尤其是能从Excel导入数据的工具），以及缺乏关于仪表盘是什么、为何重要以及如何使用的入门指导和优秀案例参考。这些搜索行为反映出用户对仪表盘有基础需求，但存在认知和使用门槛。,用户希望理解仪表盘的概念与价值，找到仪表盘的位置，并获取免费、简单的工具和教程来创建或查看仪表盘，尤其是面向初学者的案例。,other,1174,11740004,97,high,idea
6,车载仪表盘播放与显示《Dashboard Jesus》歌曲及歌词,用户频繁搜索特定歌曲《Dashboard Jesus》及其歌词，并明确关联到汽车（car）和仪表盘（dashboard）场景。这表明用户希望在驾驶时，能便捷地在车载系统（如中控屏或仪表盘）上播放这首歌曲，并同步查看其歌词。当前痛点可能在于：1. 车载系统或流媒体平台未方便地集成歌词显示功能；2. 用户难以快速找到适配车载环境（如驾驶模式）的该歌曲版本或歌词文件；3. 操作流程繁琐，影响驾驶安全。用户的核心需求是获得一个在驾驶场景下，能轻松访问并享受该歌曲与歌词的一体化解决方案。,用户希望在汽车仪表盘或车载娱乐系统中，播放歌曲《Dashboard Jesus》并同步查看其歌词。,other,1174,11740005,6,medium,idea
7,寻找本地或适合新手的驾驶模拟器,用户正在寻找驾驶模拟器，特别是针对赛车、卡车等车辆的模拟驾驶游戏或训练工具。其核心意图是找到“附近”可用的实体模拟器体验点，或为“初学者”寻找易上手的入门级软件/设备。这表明用户可能面临线下信息不透明、线上产品筛选困难，以及缺乏针对新手的引导等痛点，希望获得便捷、可达且适合学习的模拟驾驶解决方案。,用户希望找到地理位置便利的驾驶模拟器体验场所，或寻找适合初学者的模拟驾驶软件/游戏，以进行娱乐或驾驶练习。,other,1244,12440000,11,medium,idea
8,iOS模拟器在Mac上运行与故障排查,用户主要寻求在Mac电脑上获取、安装或运行iOS模拟器（特别是与Xcode相关的模拟器）的方法，并希望解决模拟器无法正常工作（如启动失败、运行异常）的问题。这表明用户在iOS应用开发或测试过程中，依赖模拟器作为关键工具，但遇到了环境配置或软件本身的技术障碍，影响了开发测试流程的效率。,用户希望在Mac上成功安装、启动并顺畅使用iOS模拟器（尤其是Xcode内置的模拟器），以进行应用开发或测试。,other,1244,12440001,5,high,idea
9,新手友好的飞行模拟器入门指南与评测,用户主要搜索“飞行模拟器”及其相关变体，并明确提及“初学者”、“教程”和“评测”。这表明用户群体是刚接触飞行模拟游戏的新手，他们的核心意图是寻找一款适合入门的飞行模拟软件，并希望获得清晰的上手指南和客观的软件评价，以降低学习门槛和做出购买决策。痛点在于面对复杂的模拟器选项和操作不知如何开始，缺乏系统性的入门指引和可信的参考信息。,用户希望找到一款适合初学者的飞行模拟软件，并获取相关的入门教程和客观评测，以便快速上手和了解软件优劣。,other,1244,12440002,9,high,idea
10,获取年度热门游戏推荐榜单,用户正在积极搜索2024及2025年度最佳或最热门的游戏榜单，涵盖桌面游戏、视频游戏及Xbox等特定平台。这表明用户面临信息过载和选择困难，需要权威、及时且分类清晰的推荐列表来辅助其购买或游玩决策，以避免错过优质游戏或浪费时间在平庸之作上。,用户希望快速找到由专业媒体或社区评选出的、特定年份或平台的最佳游戏排行，以作为消费或体验的参考指南。,other,1244,12440003,9,high,idea
11,寻找附近的模拟器体验场所,用户希望快速找到并前往其所在位置附近的模拟器体验场所（如飞行模拟器、赛车模拟器等）。其核心痛点是缺乏一个集中、便捷的渠道来发现和筛选周边的此类专业体验点，导致信息获取困难，决策成本高，难以规划即兴或计划中的体验活动。,用户意图是定位并前往其地理位置附近的模拟器体验店或娱乐场所，以进行体验或消费。,other,1244,12440004,5,medium,idea
12,PS5平台模拟器游戏需求,用户主要搜索PS5平台上的模拟器游戏，包括通用查询、在线游戏、顶级或最佳游戏推荐以及免费游戏选项。这表明用户希望能在PS5上便捷地找到、筛选并体验高质量的模拟器游戏，但可能面临信息分散、选择困难或对免费内容获取途径不了解的痛点。,用户意图在PS5主机上寻找、发现并游玩模拟器类游戏，包括获取游戏推荐、了解在线功能及寻找免费选项。,other,1244,12440005,9,medium,idea
13,跨平台模拟器游戏获取与运行需求,用户主要搜索“模拟器”相关游戏，并频繁关联“Switch”、“PC”、“Steam”等平台，以及“在线”、“免费”、“下载”等动作。这表明用户的核心意图是寻找能够在不同设备（尤其是从PC到Switch）上运行或获取的模拟器游戏。其痛点在于不清楚哪些模拟器游戏支持跨平台、如何安全免费获取、以及在线运行的具体方法和兼容性。用户可能面临游戏资源分散、平台限制、以及操作复杂的困扰。,用户希望找到并能在PC、Switch等多个平台上运行或获取的模拟器游戏，特别是免费或在线版本，并了解其具体含义和操作方法。,other,1244,12440006,65,high,idea
14,Xbox平台模拟器游戏需求,用户主要搜索Xbox平台上的模拟器游戏，包括Xbox、Xbox 360和Xbox One等不同世代主机。他们不仅寻找此类游戏的存在，更希望发现“最佳”或“顶级”作品，这表明用户在众多选择中面临信息筛选困难，需要权威推荐或高质量列表来辅助决策，以找到符合其兴趣的高品质模拟体验。,用户意图在Xbox系列游戏主机上寻找、发现并筛选出优质的模拟器类游戏。,other,1244,12440007,8,medium,idea
15,下载器连接与错误处理优化,用户在使用下载器时频繁遭遇连接失败和不明错误，导致下载任务无法正常启动或中断。具体表现为下载器卡在“连接中”状态、反复提示“未知错误”或“解析错误”，并可能伴随“检查URL和连接”等错误信息。这些问题的持续出现严重阻碍了用户获取所需文件的核心目标，使其陷入反复尝试却无法解决的挫败中，亟需更稳定、清晰的错误诊断与恢复机制。,用户希望下载器能够稳定连接并成功下载文件，在出现问题时能获得明确、可操作的错误提示以便快速解决。,other,1269,12690000,14,high,idea
16,获取最新下载器激活码/代码,用户频繁搜索“downloader codes”及相关短语，意图寻找用于特定下载器（可能是软件或设备）的激活码、授权代码或快捷指令。用户的核心痛点是难以找到有效、免费且最新的代码列表（特别是针对2025年），他们希望有一个集中、可靠且易于访问的资源，以获取“short codes”、“quick codes”或“best codes”，从而快速激活或解锁下载器的全部功能，避免因无效代码而浪费时间。,用户希望快速找到并验证用于特定下载器（如IPTV下载器等）的有效激活码、免费代码列表或快捷指令，以便顺利使用该工具。,other,1269,12690001,14,medium,idea
17,iPhone用户寻找并安装下载器应用,用户主要意图是在iPhone上寻找、确认和安装名为“Downloader”的应用（特别是由AFTVnews开发的版本）。他们通过搜索“downloader on iphone”、“downloader app for iphone”等短语，表明其核心需求是获取一个能在iOS设备上使用的下载工具。痛点在于不清楚该应用是否存在、如何下载、是否兼容iPhone，以及具体的安装位置和方法。这反映了用户在iOS封闭生态中寻找特定功能应用时的普遍困惑和获取渠道的不明确。,用户想在iPhone上找到并安装“Downloader”应用，以实现在iOS设备上进行文件下载的功能。,other,1269,12690002,10,medium,idea
18,获取特定APK下载器应用,用户频繁搜索特定名称（如“aftvnews”）或通用功能的APK下载器应用安装包。这表明用户可能希望绕过官方应用商店，或寻找特定渠道、版本的应用。其核心痛点是难以在常规渠道找到可靠、安全的特定APK文件，尤其是针对Android设备或特定来源（如AFTVNews）的下载工具。用户需要一种便捷、可信的途径来获取这些安装包，以避免安全风险或版本不匹配问题。,用户意图寻找并下载特定来源（如aftvnews）或通用功能的APK格式下载器应用安装文件。,other,1269,12690003,6,medium,idea
19,寻找最佳安卓下载器应用,用户正在寻找适用于安卓设备的最佳下载器应用。他们面临众多选择，难以判断哪个应用在性能、可靠性、速度或功能上更优。用户的核心需求是快速、高效地下载各类文件，但缺乏明确的评估标准或可靠的推荐来源，导致选择困难，可能下载到低效或不安全的应用。,用户希望找到一款在安卓平台上表现最优的下载器应用，以提升文件下载体验。,other,1269,12690004,6,medium,idea
20,寻找免费安卓下载器应用,用户正在寻找一款名为“downloader”的应用程序，主要针对安卓平台，并强调“免费”属性。这表明用户的核心需求是获取一个能够便捷下载网络内容的工具，同时希望避免付费。其潜在痛点可能包括：不清楚哪款下载器应用可靠安全、担心隐藏费用或广告过多、以及需要确认应用与安卓设备的兼容性。搜索短语较为基础，显示出用户可能处于信息搜集或初步尝试阶段。,用户意图寻找并了解一款适用于安卓设备的、免费的下载器应用程序的具体信息、功能及获取方式。,other,1269,12690005,6,medium,idea
21,免费在线下载工具需求,用户需要一款免费、便捷的在线下载工具，能够直接从网页或链接下载内容，而无需安装复杂的软件。当前用户可能面临下载过程繁琐、工具收费或功能受限、找不到可靠安全的下载网站等痛点，他们希望有一个集成的在线解决方案，操作简单且无需本地安装。,用户想要通过在线工具免费下载网页内容、软件或文件，避免安装本地程序，追求快速便捷的下载体验。,other,1269,12690006,21,medium,idea
22,为PC/Windows平台提供下载器,用户明确需要一款能在个人电脑（特别是Windows系统）上使用的下载器软件。从搜索短语中频繁出现“for pc”和“for windows”可以看出，用户的核心意图是找到与PC平台兼容的下载工具。这可能源于用户发现某些下载器主要面向移动端，或者现有工具在PC上体验不佳、功能缺失。他们需要一个专门为PC环境设计、稳定可靠的下载解决方案。,用户希望找到并下载一款能在Windows操作系统的个人电脑上安装和使用的下载器应用程序。,other,1269,12690007,5,medium,idea
23,寻找在线写作平台与工具,用户群体（如自由职业者、写作爱好者）希望找到集写作、协作、求职于一体的在线平台或工具。他们不仅需要基础的免费写作软件，还渴望加入社区（如俱乐部、小组）以获得支持、资源和潜在的工作机会。当前痛点可能包括难以找到可靠且功能全面的免费工具、缺乏与同行交流的渠道，以及在线写作工作机会分散且不易获取。,用户意图寻找免费的在线写作工具、加入写作社区或小组，并探索在线写作相关的工作机会。,other,1286,12860000,17,medium,idea
24,寻求优质在线与本地代码/文本编辑器,用户（尤其是Mac用户）正在积极寻找和比较各种代码与文本编辑器。他们的核心需求是找到一个功能强大、易于使用且适合自身开发环境的编辑器。从搜索短语可以看出，用户既关注在线编辑器的便捷性，也关注本地编辑器（特别是针对Mac系统）的性能和口碑。这表明用户可能面临现有工具功能不足、跨平台协作不便或对Mac系统原生支持不佳的痛点，需要一站式或分场景的优质编辑器解决方案。,用户希望发现并评估适用于编码或文本编辑任务的最佳工具，尤其关注在线版本和Mac系统下的优秀选择。,other,1286,12860001,11,high,idea
25,寻找编辑/写作类工作机会,用户的核心需求是寻找与编辑和写作相关的职位机会，包括全职、兼职或自由职业。他们可能正在求职、考虑职业转型，或是自由职业者寻找新项目。其痛点在于难以高效地找到地理位置合适、匹配自身技能（如编辑、写作）且类型多样（从全职到自由职业）的工作岗位，搜索过程可能分散且耗时。,用户希望找到本地或远程的编辑、作家类工作职位，并探索相关的职业发展路径。,other,1286,12860002,8,high,idea
26,在线文本编辑器需求,用户频繁搜索“online text editor”、“online word editor”等短语，表明用户希望无需安装本地软件，即可通过浏览器直接访问一个能够编辑文本或类似Word文档的在线工具。其核心痛点是需要在不同设备或场景下快速、便捷地进行轻量级文本编辑，避免依赖特定软件或设备，追求即开即用、易于访问的编辑体验。,用户希望找到一个无需安装、通过网页浏览器即可直接使用的在线文本编辑工具，以方便地进行文档创建与编辑。,other,1286,12860003,6,medium,idea
27,寻找免费易用的在线编辑器,用户频繁搜索“在线编辑器”、“免费编辑器”、“编辑器应用”等短语，表明他们希望找到一款能够便捷访问、无需下载安装且成本低廉的编辑工具。核心痛点是市面上编辑器选择众多，用户难以快速辨别哪些是真正免费、好用且功能满足需求的在线解决方案，尤其关注“哪个编辑器应用最好”这类比较性问题。他们可能需要在网页端或移动端进行轻量级的文本、代码或内容编辑，但被付费门槛、软件下载的复杂性或功能过剩的专业软件所困扰。,用户意图寻找一款免费、易于获取（最好在线使用）、功能实用的编辑器软件或应用，以完成日常的编辑工作或任务。,other,1286,12860004,18,high,idea
28,AI智能体入门教程与指南需求,用户（尤其是初学者）需要系统、易懂的教程和指南来学习如何创建、使用或理解AI智能体（Agent）。他们可能面临缺乏结构化学习路径、现有资料过于分散或专业、以及不知道从何开始构建或应用AI智能体的困境。这些搜索短语表明用户希望获得从基础到实践的指导，可能包括工具推荐、步骤详解或案例参考。,用户希望找到针对初学者的AI智能体教程、指南或创建工具，以系统学习如何构建或使用AI智能体。,other,1291,12910000,12,high,idea
29,AI驱动的智能图片编辑器需求,用户频繁搜索与AI结合的图片、照片编辑器，表明他们不满足于传统编辑工具的手动、复杂操作。其核心意图是寻找能够利用人工智能技术，自动或半自动地完成图片美化、修复、风格转换等任务的工具，以降低专业门槛，提升编辑效率与效果。痛点在于传统工具学习成本高、操作繁琐，且难以达到专业效果。,用户希望找到一款集成AI功能的图片编辑软件，用于快速、智能地编辑和美化图片或照片。,other,1291,12910001,6,high,idea
30,基于图片的AI问答需求,用户希望通过上传图片（如照片、图表、截图等），由AI自动识别图片内容并回答相关问题。这反映出用户在处理视觉信息时，希望快速获取解释、分析或答案，而无需手动描述复杂图像或自行搜索。其核心痛点是传统搜索引擎或聊天机器人难以直接理解非文本的视觉内容，导致信息获取效率低下。,用户希望上传一张图片，让AI识别图片中的内容并直接给出相关问题的答案或解释。,other,1291,12910002,7,high,idea
31,新手友好的免费AI图片生成工具,用户（尤其是初学者）在寻找一款能够免费使用、操作简单且生成效果优秀的AI图片生成器。他们可能对市场上众多的AI工具感到困惑，不确定哪款适合自己，尤其担心付费门槛或复杂的操作流程。核心需求是找到一个易于上手、无需付费且能稳定生成满意图片的解决方案。,用户希望找到一款免费、简单易用且效果好的AI图片生成工具，用于快速创建图片，尤其适合没有经验的初学者。,other,1291,12910003,15,high,idea
32,免费AI图片转视频生成工具需求,用户希望找到能够将静态图片（photo/image）通过AI技术自动转换为动态视频（video）的在线工具或生成器，并且核心诉求是免费使用。这表明用户可能缺乏专业的视频制作技能或昂贵的软件，需要一种简单、快速、零成本的方式，将图片素材转化为更具吸引力的视频内容，用于社交媒体分享、简单演示或创意表达。,用户希望寻找免费、易用的AI工具，将单张或多张图片自动转换成视频。,other,1291,12910004,10,high,idea
33,零经验求职者寻求入门级简历模板与范例,用户主要为缺乏工作经验的初学者，他们需要创建人生第一份简历，但不知从何下手。其核心需求是获取结构清晰、内容详实、可直接参考或稍作修改的简历范例和模板。他们面临的痛点包括不了解简历的标准格式、不清楚如何在没有经验的情况下填充内容，以及希望参考真实有效的成功案例（如Reddit社区分享）来增加求职信心。,用户希望找到专为初学者设计的、包含具体样例的简历模板或范例，以便快速模仿和创建自己的第一份简历。,other,1160,11600000,7,high,idea
34,寻求专业简历版式建议,用户在制作或优化简历时，对版式设计感到困惑，不确定哪种布局（layout）最有效、最专业。他们倾向于在Reddit等社区平台寻求真实用户的经验和推荐，而非官方指南，反映出对主流模板的不信任或对个性化、高通过率版式的迫切需求。核心痛点是缺乏可靠、直观的版式选择指导和成功案例参考。,用户希望找到被社区（如Reddit）认可的最佳简历版式或布局方案，以提升简历的专业性和吸引力。,other,1160,11600001,5,medium,idea
35,新手友好的简历格式与样本需求,用户（尤其是初学者）需要清晰、规范且符合当前趋势（如2025年）的简历格式指导和实际样本。他们缺乏简历制作经验，对如何结构化、排版简历感到困惑，担心格式不当影响求职效果，因此寻求权威、易上手的格式模板和范例来快速创建专业简历。,用户希望找到适合初学者的简历格式模板和样本，学习如何正确格式化简历，以制作出专业、有效的求职简历。,other,1160,11600002,15,high,idea
36,零经验求职者寻求简历模板与格式指导,用户主要为缺乏工作经验的初学者（如应届生或转行者），在制作第一份简历时感到迷茫。他们需要找到适合自身情况（尤其是“无经验”）的简历模板，并希望获得关于如何选择和使用模板（包括Word格式等）的具体指导，以快速创建专业、有效的简历，从而迈出求职第一步。,寻找并选择适合初学者、尤其是无经验者的简历模板，了解最佳格式与使用方法，以高效创建专业简历。,other,1160,11600003,18,high,idea
37,寻找免费在线规划工具,用户频繁搜索与“免费”、“在线”、“下载”相关的规划工具（planner），表明他们希望找到一种无需付费、易于获取且能在线使用的规划解决方案。其核心痛点是市面上许多规划工具需要付费订阅、下载安装复杂，或缺乏便捷的在线协作与访问能力。用户需要一种零成本、低门槛、即开即用的方式来管理个人或简单的工作计划。,用户希望找到并可能下载或直接使用免费的在线规划工具，以替代付费或复杂的软件。,other,1249,12490000,9,medium,idea
38,学生群体在线规划工具需求,学生用户（特别是大学生）正在寻找专门为他们设计的在线规划工具。他们需要一个能够整合学业任务、课程安排和截止日期的数字化规划器，以应对繁忙且多变的校园生活。当前可能缺乏针对学生场景优化的免费或易用工具，导致他们使用通用软件时效率低下，或为专业软件支付高昂费用。核心需求是获得一个便捷、免费且贴合学生日常学习管理流程的在线规划解决方案。,寻找一款专门为学生设计、免费且易于使用的在线规划器或日程管理工具，以更好地组织学业任务和时间。,other,1249,12490001,5,medium,idea
39,寻找高效便捷的规划工具应用,用户正在积极寻找用于个人或工作规划的应用程序。从搜索短语来看，用户不仅关注通用的“规划应用”，还特别在意其可用形态（如桌面端、在线版），并希望找到其中“最佳”或“免费”的选项。这表明用户可能面临现有工具功能不足、平台限制或成本顾虑等痛点，核心需求是获取一个跨平台、功能强大且性价比高的规划解决方案，以帮助其更好地组织任务、管理时间或项目。,用户希望找到一款优秀的规划类应用，可能用于任务管理、日程安排或项目规划，并倾向于免费或跨平台（桌面/在线）的解决方案。,other,1249,12490002,5,medium,idea
40,为iPad寻找优质规划应用,用户正在为iPad设备寻找规划类应用（planner apps），核心需求是找到一款适合在iPad上使用的规划工具。从搜索短语中可以看出，用户不仅关注应用的“最佳”（best）推荐，也考虑“免费”（free）选项，表明他们在寻找功能与成本之间的平衡点。其痛点可能在于从众多应用中难以快速筛选出真正适合iPad大屏、触控操作且体验良好的规划软件，或对现有应用的跨平台同步、手写支持等功能存在疑虑。,用户希望找到并选择一款最适合在iPad上使用的日程规划或笔记类应用，可能用于学习、工作或个人事务管理。,other,1249,12490003,6,medium,idea
41,新手入门计划本选购指南,用户（尤其是计划本使用新手）在初次接触或选购计划本时，面临信息过载和选择困难。他们缺乏系统性的指导，不清楚如何开始使用计划本，也不了解市面上众多产品的区别与优劣，尤其希望找到一款真正适合新手入门、能帮助他们有效建立规划习惯的产品。其核心需求是获得一个清晰、可靠、针对初学者的选购与使用指引。,用户希望找到并购买一款最适合新手入门使用的计划本，并获取相关的使用指导和产品推荐。,other,1249,12490004,8,high,idea
42,Microsoft Planner新手入门教程需求,用户搜索了大量与“Microsoft Planner教程”、“指南”和“初学者”相关的短语，表明新用户或初次接触该工具的用户在开始使用时遇到了困难。他们缺乏一个系统、清晰、从零开始的引导，来理解Planner的基本功能、界面和操作流程。这导致用户无法快速上手并有效利用该工具进行任务或项目管理，可能造成学习成本高、使用效率低下甚至放弃使用。,用户希望找到针对初学者的、易于理解的Microsoft Planner使用教程或指南，以快速学会如何使用该工具的基本功能。,other,1249,12490005,5,medium,idea
43,Mac用户快速输入emoji的需求,大量Mac用户频繁搜索如何在Mac设备上调用和输入emoji表情，表明系统内置的emoji输入方式（如快捷键或键盘布局）对用户而言不够直观、不易发现或操作不便。用户的核心痛点是无法快速、便捷地在文本输入过程中插入emoji，影响了沟通效率和体验。他们需要一种更显性、更易记忆的调用方式。,用户希望在Mac电脑上，能通过简单、快捷的方式（如明确的键盘快捷键或专用键盘按钮）调出并输入emoji表情。,other,1166,11660000,17,high,idea
44,Emoji使用指南与教程需求,用户频繁搜索与“emoji guide”、“tutorial”相关的短语，表明他们需要系统性的指导来理解和使用表情符号。其核心痛点在于缺乏一个清晰、全面的资源，来解读不同emoji的含义、学习在各种设备（如键盘、PC）上快速输入emoji的方法，以及了解其使用规范和最佳实践。用户希望获得从基础到进阶的实用指引，以提升数字沟通的效率和准确性。,用户希望找到一份全面的指南或教程，以理解emoji的含义，并学习如何在电脑和键盘上高效地输入与使用它们。,other,1166,11660001,7,medium,idea
45,在线表情符号制作与下载工具,用户需要能够在线快速生成、定制和下载表情符号的工具或应用，同时希望获得免费、便捷的体验。他们可能面临现有表情符号库单调、无法个性化定制，或者下载过程繁琐、需要付费等问题。此外，用户还希望有相关的娱乐功能，如表情符号游戏，以增加趣味性。,用户希望找到免费、易用的在线平台，用于创建、下载和使用个性化的表情符号，并可能探索相关的游戏或字体生成功能。,other,1166,11660002,26,high,idea
46,在线使用或添加表情符号键盘,用户频繁搜索与“emoji keyboard”相关的短语，核心意图是寻找在线表情符号键盘工具，或解决在设备（尤其是键盘）上输入、使用、添加表情符号的具体操作问题。用户可能不熟悉如何在特定平台或设备上调用表情符号，或希望找到无需安装的在线解决方案。其痛点集中在操作路径不明确、找不到便捷的输入工具以及对于“如何操作”的普遍困惑。,用户希望找到在线表情符号键盘，或学习如何在键盘上输入、添加和使用表情符号。,other,1166,11660003,12,medium,idea
47,厘清图表、图形与表格的核心区别,用户频繁搜索“chart vs graph vs table”等对比短语，表明他们在面对多种数据可视化形式时，存在概念混淆和选择困难。其核心痛点是无法清晰理解图表（chart）、图形（graph）、示意图（diagram）及表格（table）之间的本质区别、适用场景及命名差异，这导致他们在学习、工作汇报或数据分析时，难以准确选择或描述最合适的信息呈现方式，影响沟通效率和专业度。,用户希望明确图表（chart）、图形（graph）、示意图（diagram）和表格（table）这几类常见数据与信息呈现形式的具体定义、区别与联系。,other,1257,12570000,9,medium,idea
48,新手图表制作入门教程与指南,"用户（尤其是初学者）在Excel、Google Sheets等常见办公软件中制作图表时，缺乏系统、易懂的入门指导。他们搜索的关键词高度集中于“graph tutorial”和“guide”，并明确关联到具体平台（如Excel, Google Sheets）和场景（如Codeforces），表明其核心痛点是面对图表功能时不知从何下手，需要针对特定工具和场景的、从零开始的步骤化教学，而非零散的功能介绍。",用户希望找到针对Excel、Google Sheets等具体工具的、面向初学者的图表制作分步教程或指南，以快速掌握基础图表的创建方法。,other,1257,12570001,12,high,idea
49,在线获取可打印的网格纸,用户需要能够在线查找、访问并打印免费的网格纸（Graph Paper）。其核心诉求是便捷地获得标准或可定制的网格纸模板，并能够直接打印或下载为PDF格式，以满足学习、工作或绘图中的即时需求。痛点主要在于寻找可靠、免费且无需复杂操作即可打印的资源。,用户希望快速找到免费的、可打印的网格纸资源，以便在线使用或下载后打印。,other,1257,12570002,9,medium,idea
50,寻求简单易用的数学绘图工具,用户频繁搜索与“graph”和“math”相关的短语，并伴有“simple”和“help”等意图词。这表明用户的核心需求是找到一个操作简单、易于上手的工具或方法来绘制数学图形（如函数图像、几何图形等）。他们可能面临现有绘图工具过于复杂、学习成本高，或在数学学习中难以快速将抽象概念可视化的问题，急需一个能降低门槛、提供明确帮助的解决方案。,用户希望找到或使用一个简单、直观的工具来绘制数学图形，以辅助数学学习或问题解决。,other,1257,12570003,5,medium,idea
51,免费在线数学绘图工具需求,用户频繁搜索“在线图表”、“免费图表”等短语，表明他们需要一个能够便捷、免费地在网页端创建和操作图表的工具。其核心痛点在于，许多现有工具或软件需要下载安装、付费订阅，或者功能过于复杂，无法快速满足数学学习、简单数据可视化等基础需求。用户希望有一个即开即用、操作直观的在线平台来完成图表绘制任务。,用户希望找到一个无需下载、免费使用的在线工具，以便快速创建和编辑数学或数据相关的图表。,other,1257,12570004,5,high,idea
52,在线免费图表制作工具需求,用户需要能够快速、便捷地在线创建图表，且希望工具是免费的。从搜索短语中高频出现的“free”、“online”、“maker”可以看出，用户的核心诉求是找到一个无需下载安装、无需付费、操作简单的网络工具来生成图表。他们可能面临传统图表软件昂贵、复杂、需要本地安装等痛点，急需轻量级、易访问的解决方案。,用户希望找到一个免费的在线工具，能够快速创建图表，无需复杂安装或付费。,other,1257,12570005,9,high,idea
53,获取教程类趣味梗素材,用户频繁搜索与“教程”和“梗”结合的短语，表明他们希望找到一种特定类型的趣味内容。这类内容通常以“教程”为形式或外壳，但核心是娱乐性的“梗”，并常与音乐、歌曲、GIF或视频等多媒体元素结合。用户的深层意图并非学习严肃技能，而是寻找轻松、幽默、易于传播和二次创作的网络文化素材。当前痛点可能在于这类内容分散在多个平台，格式不一，且高质量或特定主题的素材难以直接获取。,用户希望轻松找到并下载以“教程”为形式的趣味梗内容，特别是与音乐、视频或GIF结合的素材，用于娱乐、社交分享或二次创作。,other,1199,11990000,10,medium,idea
54,寻求Meme制作技巧与规范指南,用户频繁搜索与“meme”和“tips”、“guide”、“guidelines”相关的短语，表明他们希望获得关于如何制作、编辑或优化Meme的实用技巧、步骤指南或设计规范。其核心痛点在于缺乏系统性的创作指导，可能面临不知如何选择工具、如何设计更有效果、或如何遵循特定平台模板规范等问题，需要从基础操作到进阶优化的全方位指引。,用户想要学习如何制作或优化Meme，寻找具体的技巧、步骤指南或设计规范模板。,other,1199,11990001,10,medium,idea
55,快速制作顶部/底部文字梗图,用户希望有一个便捷的工具，能够快速为图片（尤其是梗图模板）添加上下两行文字（即“顶部文字”和“底部文字”），以制作和分享流行的“顶部文字 底部文字”格式的梗图。当前用户可能依赖多个步骤或不同工具组合来完成，过程繁琐，缺乏一站式、模板化、操作直观的解决方案。,用户想要寻找或使用一个工具，能轻松创建带有顶部和底部说明文字的流行梗图（meme）。,other,1199,11990002,6,medium,idea
56,免费在线模因生成与编辑工具,用户主要寻求能够快速、免费地在线制作或编辑模因（meme）的工具。他们关心模因模板的获取、编辑器的易用性以及是否免费。痛点包括找不到合适的模板、工具收费或操作复杂，以及缺乏便捷的字体等定制功能。用户希望有一个集成模板库、简单编辑器且完全免费的解决方案，以满足日常社交分享或娱乐需求。,用户想要找到一个免费、易用的在线工具，用于搜索模因模板、生成或编辑自定义模因，并可能关注字体等细节调整。,other,1199,11990003,42,high,idea
57,识别与获取网络梗图常用字体,用户在浏览或制作网络梗图（memes）时，经常遇到特定风格的字体，这些字体是梗图文化的重要组成部分，能有效传达幽默或讽刺的意味。用户的核心需求是快速、准确地识别出这些在梗图中频繁出现的字体名称，并希望知道如何获取或使用它们，以便在自己的创作中复现相同的风格效果。目前，用户可能面临无法通过视觉直接辨认字体、搜索关键词不准确导致找不到正确结果，或不知道去哪里下载/使用这些特定字体的痛点。,用户希望通过搜索，找到在流行梗图中看到的特定字体的名称、来源或下载方式。,other,1199,11990004,5,medium,idea
58,免费AI语音/角色语音生成工具需求,用户正在寻找能够免费生成语音或角色语音的AI工具。从搜索短语中高频出现“free”、“generator”、“ai”、“voice”、“character”等词可以看出，用户的核心诉求是无需付费、操作简便地利用人工智能技术，将文本转换为自然流畅的语音，特别是为特定角色（如虚拟角色、游戏角色、视频配音角色）生成具有辨识度的声音。这反映出用户可能面临专业语音合成软件成本高、操作复杂，或难以找到高质量免费替代方案的痛点。,用户希望找到免费、易用的AI工具，将文本转换成语音，并特别关注为特定角色生成独特声音的功能。,other,1276,12760000,12,high,idea
59,在线AI音频/声波生成工具,用户需要能够在线便捷生成各类声音、音频或声波的工具。从搜索短语来看，用户的核心诉求是“生成”，并强调“在线”和“AI”，这表明用户希望无需下载专业软件，通过智能、自动化的方式快速创建或合成声音内容。其痛点可能在于传统音频制作软件复杂昂贵，或缺乏简单直接的创意声音生成手段。,用户希望找到一个在线平台或工具，能够通过AI技术快速、简单地生成特定的声音、音频文件或声波图案。,other,1276,12760001,7,medium,idea
60,免费在线音频编辑工具需求,用户需要能够直接在网页浏览器中使用的免费音频编辑工具，无需下载安装专业软件。他们希望快速、便捷地对音频文件进行剪辑、合并、调整音量等基础编辑操作，以满足日常内容创作、学习或娱乐需求。痛点在于专业软件昂贵复杂，而现有在线工具可能功能有限或收费。,用户希望找到一款免费、易用的在线音频编辑器，能够快速完成基础的音频剪辑与处理任务。,other,1276,12760002,14,high,idea
61,AI辅助歌曲生成工具,用户希望找到能够利用人工智能技术，快速、便捷地生成原创歌曲或音乐片段的在线工具。其核心痛点是缺乏专业的音乐制作技能、设备或知识，但仍有强烈的创作欲望或内容制作需求。他们需要一种低门槛、甚至免费的方式，将创意或想法转化为初步的音乐作品，用于个人娱乐、内容创作或灵感激发。,用户意图寻找免费、易用的AI工具，输入简单指令或想法，自动生成完整的歌曲或音乐伴奏。,other,1276,12760003,8,high,idea
62,免费在线音乐创作工具需求,用户希望找到能够免费在线使用的音乐或歌曲制作工具。他们可能缺乏专业的音乐制作软件或不愿承担高昂的购买费用，同时追求便捷、无需安装的在线体验。核心需求是能够快速、低成本地开始音乐创作，进行简单的作曲、编曲或录制。,用户意图寻找免费、易用的在线平台或软件，用于创作音乐或歌曲。,other,1276,12760004,10,high,idea
63,面向初学者的科学计算器使用指导,用户（尤其是初学者）在寻找科学计算器时，不仅需要找到工具本身，更迫切地需要了解如何正确使用它。他们可能面对功能复杂的科学计算器界面感到困惑，不清楚各种高级函数（如三角函数、对数、指数）的按键位置和操作逻辑，或者担心在线上使用时的可靠性与准确性。其核心需求是通过清晰的教程或引导，降低学习门槛，快速掌握科学计算器的基本操作，以完成学习或工作中的计算任务。,用户希望找到一款适合初学者的科学计算器，并获取清晰的使用教程或引导，以学习其基本功能和操作方法。,other,1258,12580000,6,medium,idea
64,便捷的移动端小费计算器需求,用户频繁在手机（尤其是iPhone）上搜索计算器，特别是小费计算功能。这表明用户在日常消费场景（如餐厅、打车后）需要快速、便捷地计算小费金额。痛点在于系统内置计算器可能没有专门的小费计算功能，或者用户找不到该功能的位置，导致计算不便、效率低下。用户希望有一个易于访问、操作简单、免费的小费计算工具，可能以独立App或集成在系统计算器中的形式存在。,用户希望在手机（特别是iPhone）上快速找到并使用计算器，尤其是能方便地计算小费金额。,other,1258,12580001,16,medium,idea
65,免费计算器应用下载需求,用户主要意图是寻找并下载免费的计算器应用程序。从搜索短语来看，用户明确强调“免费”，并频繁使用“download”和“app”，表明其核心需求是快速、零成本地获取一个计算器工具。部分搜索涉及“pc”，说明用户可能需要在不同设备（尤其是移动设备和电脑）上使用。痛点可能包括：市场上付费应用过多，难以筛选；对应用的安全性、广告干扰存在顾虑；以及跨平台使用的便捷性不足。,用户希望免费、便捷地下载一个计算器应用，可能用于移动设备或电脑，以满足日常计算需求。,other,1258,12580002,9,medium,idea
66,提供简单易用的在线基础计算器,用户频繁搜索“在线计算器”、“简单计算器”等短语，表明他们需要一个能通过浏览器快速访问、无需下载安装、界面简洁、操作直观的基础计算工具。其核心痛点是现有计算工具可能过于复杂、带有广告干扰、加载缓慢或功能冗余，用户只希望进行简单的算术运算，需要一个即开即用、专注核心功能的解决方案。,用户希望找到一个界面干净、操作直接、功能基础的在线计算器，用于快速完成日常算术计算。,other,1258,12580003,7,high,idea
67,免费在线计算器需求,用户频繁搜索“免费”、“在线”、“基础”等关键词组合的计算器，表明用户希望无需下载、注册或付费，就能通过网页快速访问一个基础功能的计算工具。其核心痛点是希望避免安装软件、规避付费门槛，并追求即开即用的便捷性。这反映了用户对轻量化、零成本、易获取的基础计算服务的普遍需求。,用户希望找到一个无需下载、注册或付费，通过浏览器就能直接使用的在线基础计算器。,other,1258,12580004,8,high,idea
68,寻求免费、在线的制作工具或应用,用户频繁搜索与“maker”相关的免费、在线应用或工具。这表明用户的核心需求是寻找一个能够便捷创建或制作内容的平台，且该平台无需下载安装（在线即可使用）或无需付费。用户可能对现有工具的付费门槛、下载安装的复杂性或功能限制感到不满，希望找到简单易用、无成本负担的解决方案。这些搜索短语高度同质化，指向一个明确且集中的需求。,用户希望找到一个免费、无需安装、通过网页或应用即可直接使用的在线内容制作工具或平台。,other,1220,12200000,10,high,idea
69,用户对“创作者”概念与账户的认知与访问需求,用户频繁搜索“creator”相关短语，表明他们希望理解“创作者”这一概念的定义、起源（如“第一个创作者是谁”）以及具体平台（如Reddit）上的创作者账户信息。其核心意图是获取关于“创作者”的权威解释和访问相关账户的途径。痛点在于“创作者”一词可能含义模糊，缺乏明确的官方定义或背景介绍；用户可能找不到特定平台（如Reddit）创作者账户的登录入口或专属页面；同时，对“创作者”身份的起源和演变存在认知空白，缺乏系统性的知识来源。,用户希望明确“创作者”的定义，了解其背景，并找到特定平台（如Reddit）上创作者账户的相关信息或登录方式。,other,1220,12200001,13,medium,idea
70,寻求免费或低成本的创作者工具,用户频繁搜索与“creator”相关的免费、在线或应用程序版本，并关注“pilot program”（试点项目）。这表明用户的核心意图是寻找低成本或免费的创作工具或平台。他们的痛点可能包括：付费工具门槛高、不确定工具是否适合自己、希望先免费试用再决定。用户希望找到一种易于获取、可能通过试用项目体验的解决方案，以支持其创作活动。,用户希望找到免费、在线或可通过试点项目体验的创作者工具或应用程序，以低成本开始或进行创作。,other,1220,12200002,9,medium,idea
71,在线免费角色创建工具,用户需要一个能够在线访问、免费使用的角色创建器或角色制作工具，用于快速生成角色设定或角色卡。当前痛点可能包括：需要下载安装软件、付费才能使用完整功能、或工具操作复杂、模板不够灵活。用户希望有一个便捷、无门槛的解决方案，能够随时随地进行角色创作。,用户希望找到一个在线的、免费的工具，用于创建和定制角色（可能用于游戏、写作、设计等场景）。,other,1220,12200003,6,high,idea
72,在线DND/5e角色卡创建与管理工具,用户（主要是桌面角色扮演游戏玩家）需要能够在线便捷地创建、填写、管理和分享其游戏角色卡（Character Sheet）的工具。当前痛点在于，玩家可能依赖纸质表格或静态模板，存在易丢失、不便携带、计算复杂（如DND 5e规则下的属性计算）以及难以与队友在线共享和更新角色状态的问题。用户希望获得一个集成了规则模板（如DND 5e）、提供示例参考、支持在线编辑与保存的数字化解决方案。,用户希望找到一个在线的、最好是免费的工具或模板，用于快速创建、填写和存储他们的桌面角色扮演游戏（如D&D 5e）的角色卡，并可能参考示例或使用预设模板。,other,1220,12200004,12,high,idea
73,AI面部美化与造型建议,用户（尤其是年轻女性和模特等对形象有较高要求的群体）寻求通过AI技术获得个性化的面部护理、化妆或造型建议。他们可能缺乏专业的美容知识，难以找到适合自己脸型、肤质或场合的针对性方案，希望获得便捷、智能且可靠的形象指导。,用户希望通过AI工具获取针对个人面部特征（如脸型、肤质）的护理、化妆或模特造型方面的专业建议和技巧。,other,1071,10710000,6,medium,idea
74,在线人脸搜索与查找,用户希望通过互联网快速、免费地搜索和识别特定人脸。他们可能拥有一张照片或图像，但缺乏相关身份信息，希望借助在线工具或平台（如Reddit社区）来查找该人物的更多资料或确认其身份。当前痛点在于缺乏一个整合、易用且免费的专门人脸搜索引擎，导致查找过程繁琐、信息分散且结果不可靠。,用户意图通过在线工具或社区，输入人脸图像，快速查找并识别该人物的身份或相关信息。,other,1071,10710001,6,medium,idea
75,跨平台使用FaceTime的需求,用户希望了解和使用苹果的FaceTime功能，尤其是在非苹果设备（如Android手机）或不同苹果设备（如iPad、iPhone）之间进行视频或音频通话。核心痛点是FaceTime作为苹果生态内的封闭服务，官方不支持Android平台，导致跨平台通信存在障碍。用户搜索如何让FaceTime在Android上工作、如何进行音频通话以及在不同设备上使用的具体方法，反映了对跨平台便捷视频/音频通话工具的强烈需求。,用户想要在Android设备或不同苹果设备上使用FaceTime进行视频或音频通话，以解决跨平台通信不便的问题。,other,1071,10710002,13,high,idea
76,免费在线AI人脸替换与美化工具,用户希望找到能够在线免费使用、操作简便的人脸替换（Face Swap）或面部美化（类似Facetune）的AI工具或应用。他们可能不愿下载安装独立应用，或希望快速、无成本地体验AI换脸效果，用于娱乐、社交内容创作或简单修图。核心需求集中在“免费”、“在线”、“AI驱动”和“易用性”上。,用户希望无需下载安装，直接在网页上免费使用AI技术进行人脸替换或面部美化处理。,other,1071,10710003,16,medium,idea
77,寻求面部相关应用或网站的评测信息,用户频繁搜索与“face review”相关的短语，表明他们正在积极寻找关于面部应用、网站或AI工具的评测、评论或解释信息。其核心意图是希望在下载、使用或购买与面部处理相关的产品或服务前，了解其功能、效果、可靠性或用户反馈，以辅助决策。这反映出用户面临信息筛选困难、对产品质量存疑或对新兴概念（如AI）理解不足的痛点。,用户希望查找并参考关于面部应用、网站或AI工具的第三方评测、评论或含义解释，以评估其是否值得使用或信任。,other,1071,10710004,7,medium,idea
78,移动端语音与文本互转需求,用户需要在Android设备上实现语音与文本之间的便捷、准确转换，尤其关注免费、高效的工具或方法。他们可能面临输入效率低、操作复杂、付费门槛或识别准确率不足等痛点，希望通过简单的语音输入快速生成文本，或将文本转换为语音进行播放，以提升移动场景下的信息处理效率。,用户希望找到在Android设备上免费、易用的语音转文本或文本转语音的解决方案，以简化输入或输出过程。,other,1279,12790000,9,high,idea
79,学生演讲技巧与素材需求,用户（主要是学生）需要获取关于演讲的实用技巧和合适的演讲内容素材。他们面临在课堂、比赛或即兴场合下进行演讲的挑战，缺乏系统的指导、现成的参考范例以及应对即兴演讲的有效方法，导致准备效率低下、信心不足或表现不佳。,用户希望快速找到针对学生的演讲技巧指南、演讲范例或素材，以提升演讲准备效率和现场表现。,other,1279,12790001,5,medium,idea
80,寻求演讲构思与开场指导,用户的核心需求是获得关于如何构思和开始一场演讲的指导。从搜索短语来看，用户反复搜索“speech ideas”和“how to speech”，表明他们缺乏演讲内容的灵感和基本的演讲方法知识。特别是“best way to start speech”和“how to ideas for a speech”等短语，揭示了用户对如何找到一个好的切入点、如何组织开场白感到迷茫和焦虑，他们希望获得经过验证的最佳实践和具体可用的想法，以克服从零开始的困难。,用户希望学习如何构思演讲内容，并找到有效的方法或最佳实践来开启一场演讲。,other,1279,12790002,8,high,idea
81,寻求免费、优质的语音与文本互转工具,用户群体在积极寻找能够实现文本转语音（TTS）和语音转文本（STT）功能的工具，尤其关注免费、高质量和易用性。他们频繁搜索“best”、“free”等关键词，表明在众多选择中难以快速找到可靠、效果好且成本低的解决方案。痛点集中在工具质量参差不齐、收费不透明、以及特定场景（如Reddit内容朗读、Word文档处理）下的集成需求未被满足。,用户希望找到一款免费或高性价比、效果出色的语音与文本互转应用程序或软件，用于内容阅读、文档处理或信息输入等场景。,other,1279,12790003,22,high,idea
82,免费在线图表制作工具需求,用户频繁搜索“在线图表工具”、“免费图表制作工具”等短语，表明用户群体存在对无需下载安装、能够快速上手且免费的在线图表绘制工具的强烈需求。其核心意图是寻找一种便捷、零成本的解决方案，以替代传统复杂或付费的图表软件。用户可能面临本地软件安装繁琐、专业工具学习成本高、或现有免费工具功能受限等痛点，急需一个在浏览器中即可访问、操作简单、能满足基础图表制作需求的在线平台。,用户希望找到一款完全免费、无需安装、通过浏览器即可使用的在线图表制作工具，以快速创建各类图表。,other,1259,12590000,13,high,idea
83,寻找免费或优质的图表绘制软件,用户正在积极寻找用于创建图表的软件工具。从搜索短语中高频出现的“free”、“best”等词可以看出，用户的核心诉求是找到一款性价比高（尤其是免费）且功能强大、体验优秀的图表绘制工具。他们可能面临市面上工具繁多、难以选择，或担心付费工具成本过高、免费工具功能受限等问题，需要一款可靠、易用且能满足基本乃至专业绘图需求的解决方案。,用户希望发现并评估免费或公认好用的图表（Diagram）绘制软件或工具，以支持其绘图需求。,other,1259,12590001,7,high,idea
84,创作者对角色特质指南与素材的需求,用户（主要是写作爱好者、作家、编剧等）在创作角色时，需要系统性地理解和定义角色的性格特质。他们面临的主要痛点是缺乏结构化的参考材料，如完整的特质列表、定义解释、具体示例以及可下载的指南文档（如PDF）。这导致角色塑造单薄、缺乏深度或一致性，创作过程效率低下。用户希望通过便捷获取权威、全面的特质指南和实用案例，来辅助角色开发，提升创作质量。,用户希望快速获取关于角色特质（character traits）的详细指南、列表、定义和示例，特别是可下载的PDF格式写作指南，以辅助文学或剧本创作中的角色塑造。,other,1168,11680000,9,medium,idea
85,获取角色推荐信/介绍信模板与范例,用户需要为特定角色（如求职、入学、担保等场景中的被推荐人）寻找推荐信或介绍信的写作范例和模板。他们的核心痛点是缺乏撰写此类正式信函的经验或参考标准，不清楚如何有效地描述角色的品质、能力与成就，以及信函应包含哪些必要部分和正式格式。他们希望获得可直接参考或稍作修改即可使用的具体例子，以确保信函的专业性和说服力。,用户希望找到关于“角色”的推荐信或介绍信的示例、模板或写作参考，以辅助自己撰写或理解此类信函。,other,1168,11680001,6,medium,idea
86,商务及正式信函格式与模板需求,用户需要获取关于如何正确格式化商务信函或正式信函的指导、模板和示例。他们面临的主要痛点是不知道标准信函的结构、布局和格式规范，导致在撰写专业信函时感到困难、耗时且担心格式错误影响专业形象。用户希望有一个清晰、权威且易于使用的参考资源，以快速生成符合行业标准的信函。,用户希望学习如何格式化一封商务或正式信函，并获取可参考的样本、模板和布局指南，以确保信函的专业性和正确性。,other,1168,11680002,15,high,idea
87,求职信模板、范例与格式指导需求,用户正在积极寻找求职信（Cover Letter）的范例、模板和格式指南。他们需要具体的、可参考的样本（尤其是来自真实社区如Reddit的推荐），以及符合当前（如2025年）标准的格式规范。这表明用户在自主撰写求职信时面临困难，缺乏高质量的参考素材和专业的结构指导，担心自己的求职信不够专业或无法吸引招聘者。,用户希望找到高质量、可定制的求职信范例和模板，并了解正确的撰写格式与技巧，以高效地完成一份专业的求职信。,other,1168,11680003,24,high,idea
88,在线免费PDF与Word格式互转,用户需要能够在线、免费地将PDF文件转换为可编辑的Word文档，或将Word文档转换为PDF格式。其核心诉求在于便捷、无需安装软件、快速完成格式转换，以便于文档的编辑、分享或归档。当前痛点可能包括需要下载付费软件、转换后格式错乱、存在使用限制或操作复杂等问题。,用户希望找到一个免费、在线、操作简单的工具，实现PDF与Word文件之间的高质量相互转换。,other,1183,11830000,8,high,idea
89,免费PDF格式转换工具需求,用户频繁搜索免费、便捷的PDF转换工具，核心需求是将PDF文件（特别是表格类PDF）转换为可编辑的Excel等格式，或反向转换。这反映出用户在处理文档时，常遇到格式不兼容、无法编辑或需要整合数据的问题。他们希望找到操作简单、无需付费、在线即可完成的解决方案，以提升工作效率，避免手动重新录入或处理格式混乱的文档。,用户希望找到免费、易用的在线工具，将PDF文件与Excel等格式相互转换，以便编辑、处理数据或分享文档。,other,1183,11830001,10,high,idea
90,在线PDF与JPG格式互转工具,用户频繁搜索免费、在线的PDF与JPG图片格式相互转换的工具。这表明用户存在快速、便捷处理文档与图片格式转换的日常需求，他们可能需要在不同场景（如提交电子文档、编辑图片内容、分享文件）下转换文件格式，但缺乏方便易用且无需安装专业软件或付费的解决方案。核心痛点是寻找一个易于访问、操作简单且成本低的转换服务。,用户希望找到能够免费、在线、快速地将PDF文件转换为JPG图片，或将JPG图片合并/转换为PDF文件的工具。,other,1183,11830002,9,high,idea
91,免费在线图片格式转换需求,用户需要将JPEG、PNG、JPG等常见图片格式进行相互转换，核心诉求是寻找免费、便捷、无需下载软件的在线转换工具。他们可能面临本地软件安装繁琐、付费工具成本高、或对专业软件操作复杂的困扰，希望快速完成格式转换以满足上传、分享或编辑等日常需求。,用户希望找到免费、易用的在线工具，将JPEG、PNG、JPG等图片文件快速转换成所需格式。,other,1183,11830003,10,high,idea
92,新手友好的钩针与缝纫入门教程与图案,大量新手用户搜索钩针编织（crochet）和缝纫（sewing）相关的入门级图案（pattern），特别是毯子（blanket）、上衣（top）等具体项目。他们需要从零开始的、清晰易懂的指导，包括免费或易获取的图案资源、基础教程以及本地或线上便捷的材料获取途径。其核心痛点是缺乏适合初学者的系统性入门指引和高质量、易操作的免费图案资源。,用户希望找到专门为初学者设计的、简单易懂的钩针和缝纫图案与教程，以完成如毯子、上衣等具体手工艺项目，并学习相关基础技能。,other,1087,10870000,47,high,idea
93,新手寻求编织入门指导,用户是编织新手，希望学习最基础的编织技能，如“如何绕线”、“如何编织”等。他们可能对专业术语和基础操作感到困惑，缺乏系统、易懂的学习路径。其核心需求是找到适合零基础、能提供清晰步骤指导的入门资源（如书籍或教程），以克服起步阶段的技能障碍，顺利开始第一个编织项目。,用户想要学习编织的基础知识和操作方法，特别是寻找适合初学者的入门教程或书籍。,other,1087,10870001,5,medium,idea
94,寻找优质人像摄影/绘画服务,用户正在寻找提供人像创作服务的专业人士，无论是摄影还是绘画形式。其核心需求是找到该领域内公认的、高质量的创作者。搜索短语中反复出现“top”和“best”，表明用户不满足于普通选择，而是希望在海量服务提供者中快速筛选出顶尖或口碑最佳的人选，以保障最终作品的质量和满意度。这反映了用户在寻找专业服务时面临的信息筛选和信任建立难题。,用户希望找到并联系在肖像摄影或肖像绘画领域技艺精湛、评价最高的专业人士，以委托其创作个人或家庭肖像作品。,other,1301,13010000,6,medium,idea
95,在线免费人像编辑工具需求,用户正在寻找能够在线使用的、免费的人像照片编辑工具或应用。他们希望有一个便捷的入口，无需下载安装专业软件，就能快速对人像照片进行美化、调整等基础编辑操作。其核心痛点是现有专业软件可能过于复杂、昂贵或需要本地安装，而普通手机应用功能又可能有限或收费。他们需要一个功能聚焦于人像、操作简单且无成本负担的在线解决方案。,用户希望找到一个免费的在线工具或应用，专门用于编辑和美化人像照片。,other,1301,13010001,7,high,idea
96,在线肖像照片生成与免费下载,用户的核心需求是便捷地获取或制作高质量的肖像照片，并希望免费下载使用。从搜索短语可以看出，用户频繁搜索“portrait photo online”、“portrait free download”等，表明他们需要在线工具或平台来生成、编辑或获取肖像图片，同时非常关注“免费”和“在线”的便捷性。其痛点可能在于难以找到高质量的免费肖像资源，或缺乏简单易用的在线肖像制作工具。,用户希望在线寻找、生成或编辑肖像照片，并能够免费下载这些图片用于个人或项目。,other,1301,13010002,21,high,idea
97,Windows系统图片查看器需求,用户主要寻求在Windows系统（特别是Windows 11）上查看图片的解决方案。他们可能对系统自带的图片查看器功能不满意，或需要更便捷地查看特定来源（如Reddit）或格式（如JPG）的图片。痛点包括现有工具功能单一、浏览特定平台图片不便、以及缺乏轻量级专用应用。用户希望有一个集成、快速且易于使用的图片查看工具。,用户希望在Windows电脑上，快速、方便地查看本地图片、Reddit等平台的图片，并可能需要基础浏览功能。,other,1102,11020000,11,medium,idea
98,获取免费、易用的通用文件查看器,用户正在寻找一种通用的“查看器（Viewer）”软件，主要关注其定义、含义以及如何获取。搜索词中频繁出现“free”、“download”、“windows”等词汇，表明用户的核心需求是找到一款能够免费下载、适用于Windows系统（特别是Windows 10）的查看器应用。他们可能对“查看器”这一概念本身不太清晰，需要了解其基本定义和功能，并希望找到一款简单、易获取的解决方案来打开或查看特定格式的文件，而无需购买或使用复杂的大型软件。,用户意图了解“查看器”是什么，并寻找一款免费的、适用于Windows系统的查看器应用程序进行下载和使用。,other,1102,11020001,16,medium,idea
99,寻找Reddit第三方浏览工具,用户正在积极寻找Reddit的替代浏览工具或网站。这表明用户可能对官方Reddit应用或网站的某些体验感到不满，希望找到更便捷、免费或功能独特的第三方浏览方案。他们的核心需求是能够以更优的方式访问和浏览Reddit内容，痛点可能集中在官方平台的广告、界面设计、访问限制或功能缺失上。,用户希望找到能够替代官方Reddit应用或网站的第三方浏览工具，以获得更好的浏览体验。,other,1102,11020002,10,medium,idea
100,Instagram布局功能查找与问题解决,用户频繁搜索Instagram的布局功能位置、变化原因及故障问题，表明用户对Instagram的布局功能（尤其是与Story相关的布局或模板）存在强烈的认知和使用需求。用户可能遇到布局功能突然消失、位置改变、无法正常工作或找不到入口的情况，导致无法顺利创建或编辑内容，产生困惑和挫败感。用户希望明确功能状态、获取使用指导或寻找替代方案。,用户希望找到Instagram的布局功能（特别是用于Story的布局或模板），了解其变化原因，并解决布局功能无法使用或找不到的问题。,other,1048,10480000,17,medium,idea
101,Instagram故事与个人资料匿名查看需求,用户希望在不暴露自身身份的情况下，查看Instagram上私人账户的内容、故事浏览者列表以及个人资料。他们寻求能够匿名浏览、获取故事“最常查看者”信息、甚至购买虚假浏览量以提升表面人气的工具或方法。这反映了用户对隐私保护、社交窥探以及账号影响力包装的复合需求。,用户意图匿名查看Instagram私人账户、故事浏览者列表和个人资料，并可能希望通过购买浏览量来提升账号的可见度或影响力。,other,1048,10480001,23,high,idea
102,Instagram用户寻找并理解Dashboard功能,用户频繁搜索Instagram中的“Dashboard”及其相关概念（如Dashboard Views），表明大量用户不清楚该功能的具体位置、定义或用途。这反映出Instagram平台可能存在功能入口不直观、官方命名与用户认知不符、或相关数据指标（如Views）缺乏清晰解释的问题，导致用户无法有效利用该功能来管理或分析其账户。,用户意图找到Instagram中的Dashboard功能入口，并理解其作用，特别是“Dashboard Views”的具体含义。,other,1048,10480002,5,medium,idea
103,便捷高效的在线视频下载工具需求,用户普遍需要一款能够轻松下载网络视频（尤其是来自YouTube、Reddit等平台）的工具。他们希望工具是免费、易用且高效的，最好能以浏览器扩展或独立应用的形式存在，方便一键操作。当前痛点在于，许多在线视频平台不提供官方下载选项，用户难以保存喜爱的内容以供离线观看或二次使用；而市面上的下载工具质量参差不齐，存在安全风险、操作复杂、下载速度慢或格式不支持等问题，导致用户难以找到可靠、高效的解决方案。,用户希望寻找一款最好用、免费且方便的视频下载工具（如浏览器扩展或App），以便轻松下载在线视频，特别是来自YouTube等平台的内容。,other,1270,12700000,39,high,idea
104,获取电影下载器授权码,用户正在积极寻找能够用于特定电影下载器应用（App）的激活码、授权码或兑换码。这些短语表明用户的核心意图是绕过付费门槛或获取高级功能，以免费或便捷地下载电影。其痛点集中在难以找到有效、免费且安全的授权码，对“最佳”代码的搜索也反映出对代码质量和可靠性的担忧。这揭示了用户在获取数字内容时，对成本、便利性和信任度的综合需求。,用户希望找到并输入有效的授权码（codes），以激活或解锁电影下载器应用的全部功能，从而免费下载电影。,other,1270,12700001,5,medium,idea
105,寻求便捷的格式转换工具,用户频繁搜索与“converter”相关的短语，表明他们正在寻找一种能够快速、轻松地完成文件或数据格式转换的工具或方法。其核心痛点在于不知道如何找到合适的转换器、不了解转换工具的具体使用方法，以及希望转换过程能即时完成。这反映了用户对操作简便性、易得性和效率的强烈需求。,用户希望找到并使用一个简单、快捷的工具或方法来转换文件、媒体或数据的格式。,other,1214,12140000,5,medium,idea
106,了解汽车催化转换器的定义与作用,用户通过搜索“converter in car”、“what does converter do”等短语，表明他们希望明确“催化转换器”在汽车中的具体含义、功能以及位置。其核心痛点是缺乏对汽车关键排放控制部件的基础认知，可能源于车辆故障提示、环保知识学习或日常讨论中遇到该术语。用户需要快速、清晰、权威的解释来消除概念模糊，理解该部件如何工作及其重要性。,用户意图查询汽车催化转换器（Catalytic Converter）的基本定义、在车辆中的功能以及其具体作用。,other,1214,12140001,9,medium,idea
107,快速获取填字游戏线索与答案,用户在玩填字游戏时，遇到特定线索（如“cheap”）卡住，需要快速、准确地找到该线索对应的单词及其字母数量（如5、6、8、11个字母）。他们希望直接根据线索和已知的字母数量或位置（如“3 5”可能表示两个单词的长度）来获取答案，而不是在海量信息中筛选或依赖复杂的解谜过程。当前搜索行为表明，用户对高效、精准的答案查询工具有强烈需求。,用户希望通过输入填字游戏线索（如“cheap”）和已知的字母数量或格式，快速找到对应的正确答案，以解决游戏卡关问题。,other,1116,11160000,6,medium,idea
108,纵横字谜线索查询与解答指导,用户在解决纵横字谜（Crossword）时，遇到特定线索（如“guide”、“tips”、“off”等）难以理解或填写，需要快速获取这些线索的含义、可能的答案或解题技巧。他们的核心痛点是面对零散、模糊或双关的英文线索时缺乏直接的解读指导和答案参考，导致解题过程卡顿，体验受挫。,用户希望查询特定纵横字谜线索的解释、答案提示或解题方法，以顺利完成填字游戏。,other,1116,11160001,11,medium,idea
109,快速获取特定长度填字游戏答案,用户在玩填字游戏（crossword）时，手头有特定的线索（clue）和已知的答案字母数量（如3、4、5个字母），需要快速、准确地找到对应的单词。他们的核心痛点是无法仅凭线索和字母数在脑海中立即想出答案，需要借助外部工具进行查询，以验证猜想或直接获取正确答案，从而顺利推进游戏。,用户希望通过输入填字游戏的线索和答案的字母数量，快速查询到匹配的单词答案。,other,1116,11160002,6,medium,idea
110,解决Firestick设备上Downloader应用安装与使用问题,用户在使用Amazon Firestick设备时，普遍遇到Downloader应用无法找到、安装失败或运行异常的问题。他们希望通过Downloader应用来下载或安装其他内容（如体育应用），但当前面临应用不可用、不显示、不工作等障碍，导致无法顺利获取所需功能，体验受阻。,用户想在Firestick上成功安装并使用Downloader应用，以方便下载或安装其他应用程序或内容。,other,1200,12000000,33,high,idea
111,获取体育直播下载器激活码,用户正在积极寻找能够下载体育直播内容的工具（下载器）的激活码或授权码。其核心需求是免费或低成本地获取可靠、有效的代码，以便解锁下载器功能，观看或保存体育赛事直播。这表明用户可能面临官方订阅费用高、地域内容限制或直播平台不便回看等问题，希望通过第三方下载工具灵活获取体育内容。,用户意图寻找并获取体育直播下载器的免费或优质激活码，以解锁工具功能来下载体育直播视频。,other,1200,12000001,5,medium,idea
112,在线免费字体生成工具,用户需要能够在线快速生成、预览和下载自定义字体的免费工具。他们可能从事设计、内容创作或个人项目，但缺乏专业设计软件或购买字体的预算。痛点包括找不到合适的免费字体、本地字体管理复杂、以及希望快速尝试不同字体风格应用于文本。一个集成的在线生成器能让他们即时看到效果并获取字体文件。,用户希望找到一个免费、便捷的在线工具，能够生成、预览并下载各种风格的字体，用于设计、社交媒体或个性化项目。,other,1283,12830000,15,high,idea
113,在线免费字体编辑器需求,用户需要能够在线访问、无需安装且免费的字体编辑与制作工具。他们希望有一个便捷的平台来设计、修改或创建自定义字体，而无需购买昂贵的专业软件或处理复杂的本地安装流程。当前痛点可能包括离线软件成本高、操作复杂，以及缺乏简单易用的在线替代方案。,用户希望找到一个在线的、免费的字体编辑器或制作工具，以便轻松创建或修改字体。,other,1283,12830001,8,high,idea
114,获取APA格式论文与参考文献示例,用户（主要是学生和研究人员）在撰写学术论文或报告时，需要遵循APA格式规范。他们频繁搜索具体的示例和样本，表明其核心痛点是不知道如何正确应用APA格式的细节规则，尤其是在文内引用、参考文献页的排版以及整体论文结构方面。他们需要直观、权威的参考模板来模仿和验证自己的格式是否正确，以避免因格式错误而影响作业或投稿。,用户希望找到符合APA格式（特别是第7版）的完整论文、参考文献页或具体引用的示例，以作为自己写作和排版的参考模板。,other,1020,10200000,9,high,idea
115,APA格式参考文献页生成与规范,用户在撰写学术论文或报告时，需要创建符合APA格式规范的参考文献页（Resources/References Page）。他们面临的主要问题是不清楚APA格式的具体要求（如标题应使用“Resources”还是“References”），以及如何正确格式化条目。用户希望有一个工具或指引，能快速、准确地生成或校验APA格式的参考文献列表，避免因格式错误而影响文档的专业性。,用户希望明确APA格式中参考文献页的正确命名（Resources vs. References）并获取该页面的标准格式模板或生成工具。,other,1020,10200001,6,medium,idea
116,APA格式入门教程与排版指导,用户（尤其是学术写作新手）需要清晰、易懂的指导，以了解APA格式的基本规则，并能够实际应用该格式来排版自己的论文或文档。他们面临的主要痛点是：对APA格式本身不熟悉、缺乏系统性的入门教程、以及在实际操作（如在Word中设置格式）时遇到困难，导致文档格式不规范，影响学术成果的呈现。,用户希望找到针对初学者的APA格式教程，学习其基本规则，并获取具体的操作指导，以将自己的论文或Word文档正确格式化为APA样式。,other,1020,10200002,7,high,idea
117,获取XML示例文件与数据,用户频繁搜索XML相关的示例、样本文件和文档，表明他们需要现成的XML数据或文件模板作为参考或起点。其核心痛点是缺乏可直接使用或学习的标准XML示例，导致在创建、验证或理解XML结构时效率低下，尤其对于初学者或需要快速原型开发的场景。用户可能希望找到可下载的、结构清晰的XML文件，以节省从头编写的时间并避免格式错误。,用户希望快速找到并下载XML示例文件、样本数据或文档，用于学习、测试或作为项目模板。,other,1047,10470000,8,medium,idea
118,在线XML格式化工具需求,用户需要能够快速、便捷地在线格式化XML代码或文件，以提升代码的可读性和规范性。当前用户可能面临本地开发环境未安装专业工具、需要临时处理XML文件、或在协作中快速分享格式化后的代码等场景。核心痛点是缺乏一个无需安装、即开即用、且支持基本格式化功能的在线解决方案，尤其是在使用如Visual Studio Code等编辑器时，可能希望有更轻量级的辅助工具。,用户希望找到一个在线工具，能够直接对XML代码或文件进行格式化（美化），使其结构清晰、易于阅读和编辑。,other,1047,10470001,9,medium,idea
119,获取JSON数据与文件示例,用户频繁搜索JSON相关的示例、样本和数据文件，表明他们在开发、测试或学习过程中需要现成的、结构正确的JSON实例作为参考或模板。其核心痛点是缺乏高质量、易获取的JSON示例，导致需要自行构建或寻找，效率低下且可能出错。,用户希望快速找到可直接使用或参考的JSON格式示例、样本数据或文件，以用于开发、测试、教学或理解数据结构。,other,1034,10340000,7,medium,idea
120,在线JSON格式化工具需求,用户需要能够在线、免费、便捷地格式化JSON数据的工具。他们通常面对未经格式化的、难以阅读的JSON字符串（如来自API响应或日志文件），手动整理费时费力且易出错。用户的核心诉求是快速将杂乱的JSON转换为结构清晰、缩进规范、可读性高的格式，以便于检查、调试或分享数据。,用户希望找到一个无需安装、操作简单的在线工具，能够快速将杂乱的JSON数据格式化为易于阅读和检查的结构化文本。,other,1034,10340001,8,high,idea
121,免费在线格式转换工具需求,用户频繁搜索“online converter”、“free converter app”等短语，表明他们需要一种便捷、免费且无需下载安装的格式转换解决方案。其核心痛点是希望快速处理文件格式转换问题，但可能面临专业软件收费、操作复杂、需要下载安装或担心在线工具的安全性及质量等问题。用户期望能通过网页或轻量级应用，随时随地完成常见格式的转换。,用户希望找到免费、方便、高效的在线工具或应用，以快速完成各类文件（如文档、音频、视频等）的格式转换，无需安装专业软件。,other,1213,12130000,12,high,idea
122,免费在线文本格式化工具需求,用户需要能够快速、便捷地在线处理文本格式的工具，无需下载安装软件。当前痛点在于，用户可能面临本地软件缺失、付费门槛高、操作复杂或需要跨平台使用等问题。他们希望找到一个功能直接、完全免费、通过浏览器即可访问的解决方案，用于整理、美化或转换纯文本的格式，以满足日常学习、办公或内容创作中的基础排版需求。,用户希望找到免费的在线工具，能够快速对文本内容进行格式化处理，无需安装任何软件。,other,1213,12130001,11,medium,idea
123,AI驱动的免费Logo在线生成工具,用户希望通过AI技术，快速、免费地在线创建Logo。其核心痛点是传统Logo设计流程昂贵、耗时且需要专业技能。用户希望有一个集成了AI能力的在线工具，能够简化设计流程，提供创意建议，并快速生成专业、可定制的Logo方案，以满足个人、初创企业或小型项目的品牌标识需求。,用户希望利用AI技术，无需设计技能或高昂成本，快速生成一个专业、可定制的Logo。,other,1229,12290000,5,high,idea
124,免费在线Logo生成工具需求,用户群体（尤其是初创企业、个人创作者或小型团队）需要一种快速、便捷且零成本的方式来创建品牌标识。他们普遍面临传统设计流程的高昂费用、复杂的软件学习曲线以及外包设计的时间延迟等障碍。通过搜索“免费在线Logo生成器”等关键词，用户的核心诉求是找到一个集成化、易操作的网络平台，能够通过模板、图标库和自定义工具，在几分钟内自主生成专业的Logo设计，从而以极低的门槛启动品牌视觉建设。,用户希望找到一个完全免费、无需下载的在线工具，通过简单操作快速生成一个可用的Logo设计。,other,1229,12290001,7,high,idea
125,寻求免费AI Logo生成工具,用户频繁搜索“free logo generator ai”及相关变体，表明他们希望找到能够免费、快速、便捷地生成Logo的AI工具。其核心意图是无需支付高昂的设计费用或学习复杂的设计软件，通过简单的AI工具输入需求即可自动生成可用的Logo方案。这反映了用户对低成本、高效率、零门槛设计解决方案的强烈需求，痛点集中在传统设计流程的成本、时间和技能门槛上。,用户希望找到一个免费的、基于人工智能的在线工具，能够快速自动生成Logo设计。,other,1229,12290002,7,high,idea
126,获取与理解音效资源,用户频繁搜索“sound effect”及其相关短语，表明他们正在寻找音效资源。同时，存在“is it sound effects or affects”这类拼写/语法辨析查询，揭示了用户在搜索和使用音效时，对专业术语的准确拼写、定义及适用场景存在困惑。他们的核心需求不仅是找到音效，更希望获得清晰、准确的指导和资源聚合，以解决在创作或学习过程中遇到的信息混乱和术语障碍。,用户意图寻找高质量的音效资源，并澄清“sound effect”等相关术语的正确用法与概念，以确保其使用的准确性和专业性。,other,1178,11780000,8,medium,idea
127,寻求声音设计与音频制作的实用技巧,用户频繁搜索与声音设计、音频处理相关的技巧和建议，表明他们希望提升在音频制作、现场调音或声音艺术创作方面的实践能力。其核心痛点是缺乏系统、易上手且能解决实际问题的指导资源，现有信息可能过于零散或理论化，导致学习效率低下，难以快速应用于项目或工作中。,用户希望获取关于声音设计、音频处理及现场调音等方面的实用技巧、建议和最佳实践，以提升制作水平或解决具体问题。,other,1178,11780001,9,medium,idea
128,免费在线转换YouTube视频为MP4格式,用户需要一种简单、免费、无需安装软件的方式，将YouTube平台上的在线视频转换为本地MP4文件。其核心痛点是希望快速获取视频内容以便离线观看、保存或分享，但面临官方限制、付费工具或复杂流程的阻碍。用户通常寻求直接通过浏览器访问的在线转换工具，强调‘免费’和‘便捷’，对转换速度、视频质量保持和操作简易性有较高期待。,用户希望找到免费、便捷的在线工具，将YouTube视频链接转换为MP4格式文件并下载到本地设备。,other,1275,12750000,7,high,idea
129,免费在线MP4视频格式转换,用户需要将各种格式的视频文件快速、方便地转换为MP4格式，这是一个非常普遍且基础的需求。用户的核心诉求是“免费”和“在线”，这表明他们希望无需下载安装专业软件，通过网页即可完成转换，以节省设备存储空间和安装成本。同时，搜索短语高度重复且指向明确，说明用户对转换工具的核心功能（转为MP4）和获取方式（免费、在线）有强烈且一致的期待。,用户希望找到一个免费的在线工具，将其他格式的视频文件转换为通用的MP4格式，以便于播放、分享或存储。,other,1275,12750001,7,high,idea
