Keyword,Intent,Volume,Keyword Difficulty,CPC (USD)
design arch design,Informational,33100,21,1.84
fall nail designs,Informational,33100,27,0.08
french tip nail designs,Informational,27100,29,0.09
grand design rv,"Navigational, Commercial",27100,29,0.49
integrated design project,Informational,22200,15,1.95
spring nail designs,Commercial,22200,27,0.08
state designated agency,Informational,22200,14,0.40
christmas nail designs,Commercial,18100,27,0.07
engineering design process,Informational,18100,22,2.66
fractal design,Navigational,18100,26,0.27
design and engineering practice,"Informational, Commercial",14800,14,7.33
design chicken coops,Commercial,14800,26,0.23
nail designs for purple nails,Informational,14800,28,0.15
acrylic nail designs,Commercial,12100,26,0.13
almond nail designs,Commercial,12100,26,0.08
api design principles,Informational,12100,24,2.95
french nail designs,Informational,12100,25,0.09
graphic design is my passion,"Informational, Transactional",12100,27,7.31
halloween nail designs,Informational,12100,29,0.08
nail designs for short nails,"Informational, Commercial",12100,28,0.09
purple color nail art designs,Informational,12100,25,0.15
red nail designs,Informational,12100,29,0.18
toe nail designs,Informational,12100,26,0.14
coffin nail designs,Informational,9900,25,0.09
design nails french,Informational,9900,29,0.09
design thinking process,Informational,9900,21,1.44
designer handbags karl lagerfeld,Commercial,9900,28,0.09
diy hen house design,Informational,9900,13,0.19
gel nail designs,Informational,9900,29,0.10
green nail designs,Informational,9900,28,0.09
industrial design centre,Navigational,9900,28,5.26
mehndi design,Informational,9900,29,0.32
purple nail designs,"Informational, Commercial",9900,28,0.15
rose tattoo designs,Informational,9900,26,0.27
user interface design chicago,Commercial,9900,14,3.81
winter nail designs,Commercial,9900,24,0.08
acrylic designs for nails,Commercial,8100,28,0.13
black designer shoes,"Informational, Commercial",8100,25,0.48
christmas nail designs ideas,"Informational, Commercial",8100,23,0.07
design butterfly tattoo,Informational,8100,28,0.29
design mehandi,Informational,8100,26,0.32
design mehndi design,Informational,8100,28,0.32
design of smile,Informational,8100,9,3.54
designer optical frames mens,"Informational, Transactional",8100,21,0.89
easy henna designs,Informational,8100,26,0.33
fingernail design ideas for short nails,Informational,8100,24,0.09
landscape design near me,Transactional,8100,21,5.92
nude nail designs,Informational,8100,29,0.06
ombre nail designs,Informational,8100,26,0.11
principled design,Navigational,8100,16,1.00
student design kit,"Informational, Commercial",8100,26,4.65
summer french tip nail designs,Informational,8100,26,0.06
tattoo designs for men,Informational,8100,25,0.39
tattoo sleeve designs for guys,Informational,8100,22,0.46
tattoos for couples designs,"Informational, Commercial",8100,28,0.14
toenail designs,Informational,8100,29,0.14
wedding invitations with floral design,"Informational, Transactional",8100,23,2.52
westcott designs,Navigational,8100,17,1.52
white designs for nails,Commercial,8100,9,0.12
white nails with design,"Informational, Commercial",8100,19,0.12
chicken coop designs,"Informational, Transactional",6600,19,0.27
christmas holiday nail designs,Commercial,6600,18,0.07
designer diaper bags,"Informational, Transactional",6600,28,0.60
designer glasses for men,"Informational, Transactional",6600,17,0.89
eye black designs,Commercial,6600,26,0.37
french manicure designs,Commercial,6600,29,0.09
graphic design internships,"Informational, Commercial",6600,25,1.84
kitchen cabinet design,Commercial,6600,21,2.01
nail design abstract,Commercial,6600,22,0.08
national design consultancy,Informational,6600,10,1.95
neck tattoos for guys designs,"Informational, Commercial",6600,27,0.36
pink designer shirt,"Informational, Transactional",6600,14,0.72
plein designer,Informational,6600,26,0.25
product designer,Informational,6600,25,5.01
skull tattoo designs,"Informational, Commercial",6600,28,0.42
sweet pea embroidery designs,"Navigational, Transactional",6600,27,0.57
troy lee designs troy lee,Transactional,6600,20,0.93
ux design jobs,Commercial,6600,21,1.27
bag crochet design,"Informational, Transactional",5400,24,0.13
bikini designer dead,Informational,5400,27,0.93
black and white nail designs,Informational,5400,27,0.14
carolina designs,Navigational,5400,25,0.95
cross tattoo designs,Informational,5400,25,0.27
cute nail designs for short nails,Informational,5400,27,0.08
design essentials shampoo,Transactional,5400,10,0.34
designer apple watch bands,"Informational, Transactional",5400,28,0.45
designer beanie,"Informational, Commercial",5400,20,0.64
designs of tie dye,Informational,5400,25,0.11
flower tattoo designs,Informational,5400,19,0.62
henna design,Informational,5400,29,0.24
house design with two bedrooms,Informational,5400,26,0.27
jack o lantern designs,Commercial,5400,19,0.08
mehendi design,Informational,5400,29,0.32
mens designer spectacles,Commercial,5400,23,0.89
minecraft wall designs,"Informational, Commercial",5400,25,0.67
nail art black design,Informational,5400,21,0.13
nail designs on purple,"Informational, Commercial",5400,25,0.15
neck tattoo designs for guys,Informational,5400,24,0.36
orange nail designs,"Informational, Transactional",5400,29,0.11
pinewood derby car designs,Informational,5400,16,0.15
pink designer bag,"Informational, Transactional",5400,18,0.85
riley blake designs,"Navigational, Commercial",5400,7,0.34
thanksgiving nail designs,Informational,5400,24,0.08
wall design,Informational,5400,27,0.90
yellow nail designs,Informational,5400,22,0.15
