种子关键词,下拉词建议,排名,扩展类型,扩展词,语言,地区,状态
radio,what is radiology,1,prefix,what is,en,US,success
radio,what is radioactivity,2,prefix,what is,en,US,success
radio,what is radio in german,3,prefix,what is,en,US,success
radio,what is radioactive decay,4,prefix,what is,en,US,success
radio,what is radiography,5,prefix,what is,en,US,success
radio,what is radiofrequency ablation,6,prefix,what is,en,US,success
radio,what is radiometric dating,7,prefix,what is,en,US,success
radio,what is radioactive shrimp,8,prefix,what is,en,US,success
radio,what is radiotherapy,9,prefix,what is,en,US,success
radio,what is radiologic technology,10,prefix,what is,en,US,success
radio,top radio stations in washington dc,1,prefix,top,en,US,success
radio,top radio songs,2,prefix,top,en,US,success
radio,top radiohead songs,3,prefix,top,en,US,success
radio,top radio songs right now,4,prefix,top,en,US,success
radio,top radio stations,5,prefix,top,en,US,success
radio,top radio hits,6,prefix,top,en,US,success
radio,top radio stations near me,7,prefix,top,en,US,success
radio,top radiology residency programs,8,prefix,top,en,US,success
radio,top radio songs 2025,9,prefix,top,en,US,success
radio,top radiology programs,10,prefix,top,en,US,success
radio,radiohead,1,none,,en,US,success
radio,radioactive shrimp recall,2,none,,en,US,success
radio,radiology,3,none,,en,US,success
radio,radio,4,none,,en,US,success
radio,radio movie,5,none,,en,US,success
radio,radio shack,6,none,,en,US,success
radio,radioactive shrimp,7,none,,en,US,success
radio,radiohead tour,8,none,,en,US,success
radio,radiology tech salary,9,none,,en,US,success
radio,radio city music hall,10,none,,en,US,success
radio,best radiohead songs,1,prefix,best,en,US,success
radio,best radiohead album,2,prefix,best,en,US,success
radio,best radio stations,3,prefix,best,en,US,success
radio,best radio,4,prefix,best,en,US,success
radio,best radio app,5,prefix,best,en,US,success
radio,best radiolab episodes,6,prefix,best,en,US,success
radio,best radiologist near me,7,prefix,best,en,US,success
radio,best radiology near me,8,prefix,best,en,US,success
radio,best radio station for fm transmitter,9,prefix,best,en,US,success
radio,best radio rental episodes,10,prefix,best,en,US,success
radio,how to radio waves work,1,prefix,how to,en,US,success
radio,how to radio stations make money,2,prefix,how to,en,US,success
radio,how to radios work,3,prefix,how to,en,US,success
radio,how to radio in german,4,prefix,how to,en,US,success
radio,how to radio,5,prefix,how to,en,US,success
radio,how to radio check,6,prefix,how to,en,US,success
radio,how to radiocarbon date,7,prefix,how to,en,US,success
radio,how to radio talk,8,prefix,how to,en,US,success
radio,how to radiologist,9,prefix,how to,en,US,success
radio,how to radio antennas work,10,prefix,how to,en,US,success
radio,cheap radio,1,prefix,cheap,en,US,success
radio,cheap radio installation near me,2,prefix,cheap,en,US,success
radio,cheap radios near me,3,prefix,cheap,en,US,success
radio,cheap radio for car,4,prefix,cheap,en,US,success
radio,cheap radio city christmas spectacular tickets,5,prefix,cheap,en,US,success
radio,cheap radiology tech programs,6,prefix,cheap,en,US,success
radio,cheap radio city rockettes tickets,7,prefix,cheap,en,US,success
radio,cheap radio thrills,8,prefix,cheap,en,US,success
radio,cheap radio installation,9,prefix,cheap,en,US,success
radio,cheap radio transmitter,10,prefix,cheap,en,US,success
radio,when radio was,1,prefix,when,en,US,success
radio,when radio invented,2,prefix,when,en,US,success
radio,when radio was schedule today,3,prefix,when,en,US,success
radio,when radio was radio stations,4,prefix,when,en,US,success
radio,when radiographing the pelvis in a lateral position,5,prefix,when,en,US,success
radio,when radiographing a toddler,6,prefix,when,en,US,success
radio,when radio was app,7,prefix,when,en,US,success
radio,when radio was greg bell,8,prefix,when,en,US,success
radio,when radio was king,9,prefix,when,en,US,success
radio,when radio was past shows,10,prefix,when,en,US,success
radio,where radiohead from,1,prefix,where,en,US,success
radio,where radioactive shrimp from,2,prefix,where,en,US,success
radio,where radiology is films discarded,3,prefix,where,en,US,success
radio,where radio waves are used,4,prefix,where,en,US,success
radio,where radioactive came from,5,prefix,where,en,US,success
radio,where radioactive elements are found,6,prefix,where,en,US,success
radio,where radio was invented,7,prefix,where,en,US,success
radio,where's radio city music hall,8,prefix,where,en,US,success
radio,where's radio 1 big weekend,9,prefix,where,en,US,success
radio,where's radio city,10,prefix,where,en,US,success
radio,why radiology,1,prefix,why,en,US,success
radio,why radiology reddit,2,prefix,why,en,US,success
radio,why radio stations start with k,3,prefix,why,en,US,success
radio,why radiohead hates creep,4,prefix,why,en,US,success
radio,why radio,5,prefix,why,en,US,success
radio,why radiology is important,6,prefix,why,en,US,success
radio,why radio stations start with w,7,prefix,why,en,US,success
radio,why radio shack failed,8,prefix,why,en,US,success
radio,why radioactive shrimp,9,prefix,why,en,US,success
radio,why radio stations play the same songs,10,prefix,why,en,US,success
radio,free radio,1,prefix,free,en,US,success
radio,free radio app,2,prefix,free,en,US,success
radio,free radio stations,3,prefix,free,en,US,success
radio,free radio online,4,prefix,free,en,US,success
radio,free radio music,5,prefix,free,en,US,success
radio,free radiology programs,6,prefix,free,en,US,success
radio,free radio streaming,7,prefix,free,en,US,success
radio,free radio stations near me,8,prefix,free,en,US,success
radio,free radio app for iphone,9,prefix,free,en,US,success
radio,free radio stations online,10,prefix,free,en,US,success
radio,online radio,1,prefix,online,en,US,success
radio,online radiology tech programs,2,prefix,online,en,US,success
radio,online radio box,3,prefix,online,en,US,success
radio,online radio stations,4,prefix,online,en,US,success
radio,online radiology programs,5,prefix,online,en,US,success
radio,online radio stations free,6,prefix,online,en,US,success
radio,online radio free,7,prefix,online,en,US,success
radio,online radio uk,8,prefix,online,en,US,success
radio,online radiography programs,9,prefix,online,en,US,success
radio,online radio tuner,10,prefix,online,en,US,success
radio,radio tutorial,1,suffix,tutorial,en,US,success
radio,tutorial radio baofeng,2,suffix,tutorial,en,US,success
radio,tutorial radio dj,3,suffix,tutorial,en,US,success
radio,tutorial radio fm,4,suffix,tutorial,en,US,success
radio,gnu radio tutorial,5,suffix,tutorial,en,US,success
radio,gnu radio tutorial pdf,6,suffix,tutorial,en,US,success
radio,ham radio tutorial,7,suffix,tutorial,en,US,success
radio,micro bit radio tutorial,8,suffix,tutorial,en,US,success
radio,radio frequency tutorial,9,suffix,tutorial,en,US,success
radio,radio dance tutorial,10,suffix,tutorial,en,US,success
radio,radio 2025,1,suffix,2025,en,US,success
radio,radio 2025 songs,2,suffix,2025,en,US,success
radio,radio 2025 heidelberg,3,suffix,2025,en,US,success
radio,radio 2025 conference,4,suffix,2025,en,US,success
radio,radio 2025 tour,5,suffix,2025,en,US,success
radio,radio 2025 hits,6,suffix,2025,en,US,success
radio,radio 2025 frc,7,suffix,2025,en,US,success
radio,2025 radio ratings,8,suffix,2025,en,US,success
radio,2025 radio awards,9,suffix,2025,en,US,success
radio,2025 radio 2 in the park,10,suffix,2025,en,US,success
radio,radio online,1,suffix,online,en,US,success
radio,radio online free,2,suffix,online,en,US,success
radio,radio online romania,3,suffix,online,en,US,success
radio,radio online fm,4,suffix,online,en,US,success
radio,radio online ratings,5,suffix,online,en,US,success
radio,radio online brasil,6,suffix,online,en,US,success
radio,radio online mexico,7,suffix,online,en,US,success
radio,radio online app,8,suffix,online,en,US,success
radio,radio online live,9,suffix,online,en,US,success
radio,radio online box,10,suffix,online,en,US,success
radio,radio free asia,1,suffix,free,en,US,success
radio,radio free europe,2,suffix,free,en,US,success
radio,radio free alice,3,suffix,free,en,US,success
radio,radio free roscoe,4,suffix,free,en,US,success
radio,radio free hub city,5,suffix,free,en,US,success
radio,radio free europe/radio liberty,6,suffix,free,en,US,success
radio,radio free europe lyrics,7,suffix,free,en,US,success
radio,radio free america,8,suffix,free,en,US,success
radio,radio free europe rem,9,suffix,free,en,US,success
radio,radio free asia funding,10,suffix,free,en,US,success
radio,radio reddit,1,suffix,reddit,en,US,success
radio,radio reddit youtube,2,suffix,reddit,en,US,success
radio,radio reddit youtube channel,3,suffix,reddit,en,US,success
radio,radio redditch,4,suffix,reddit,en,US,success
radio,radio reddit movie,5,suffix,reddit,en,US,success
radio,reddit radio rental,6,suffix,reddit,en,US,success
radio,reddit radio garden,7,suffix,reddit,en,US,success
radio,reddit radio gunk,8,suffix,reddit,en,US,success
radio,reddit radio bakery,9,suffix,reddit,en,US,success
radio,reddit radio war nerd,10,suffix,reddit,en,US,success
radio,radio for beginners,1,suffix,for beginners,en,US,success
radio,ham radio for beginners,2,suffix,for beginners,en,US,success
radio,french radio for beginners,3,suffix,for beginners,en,US,success
radio,radio astronomy for beginners,4,suffix,for beginners,en,US,success
radio,spanish radio for beginners,5,suffix,for beginners,en,US,success
radio,german radio for beginners,6,suffix,for beginners,en,US,success
radio,shortwave radio for beginners,7,suffix,for beginners,en,US,success
radio,cb radio for beginners,8,suffix,for beginners,en,US,success
radio,gmrs radio for beginners,9,suffix,for beginners,en,US,success
radio,ham radio for beginners uk,10,suffix,for beginners,en,US,success
radio,radio near me,1,suffix,near me,en,US,success
radio,radio washington,2,suffix,near me,en,US,success
radio,radio fredericksburg va,3,suffix,near me,en,US,success
radio,radio near me for sale,4,suffix,near me,en,US,success
radio,radio near me frequencies,5,suffix,near me,en,US,success
radio,radio near me to buy,6,suffix,near me,en,US,success
radio,radio near me fm,7,suffix,near me,en,US,success
radio,radio stations memphis,8,suffix,near me,en,US,success
radio,radio stations melbourne fm,9,suffix,near me,en,US,success
radio,radio stations medford oregon,10,suffix,near me,en,US,success
radio,radio guide,1,suffix,guide,en,US,success
radio,radio guide magazine,2,suffix,guide,en,US,success
radio,radio guided missile,3,suffix,guide,en,US,success
radio,radio guide fm,4,suffix,guide,en,US,success
radio,radio guided parathyroidectomy,5,suffix,guide,en,US,success
radio,radio guided bomb,6,suffix,guide,en,US,success
radio,radio guide today,7,suffix,guide,en,US,success
radio,radio guide uk,8,suffix,guide,en,US,success
radio,radio guide tv,9,suffix,guide,en,US,success
radio,radio guide ireland,10,suffix,guide,en,US,success
radio,radio tips,1,suffix,tips,en,US,success
radio,tipsy radio mix,2,suffix,tips,en,US,success
radio,tipsy radio mix lyrics,3,suffix,tips,en,US,success
radio,tipsy radio edit,4,suffix,tips,en,US,success
radio,tipsy radio mix j kwon,5,suffix,tips,en,US,success
radio,tipsy radio,6,suffix,tips,en,US,success
radio,tipsy radio version,7,suffix,tips,en,US,success
radio,tips radio interview,8,suffix,tips,en,US,success
radio,radio broadcasting tips,9,suffix,tips,en,US,success
radio,radio tab tips,10,suffix,tips,en,US,success
radio,radio reviews,1,suffix,review,en,US,success
radio,radio reviews movie,2,suffix,review,en,US,success
radio,radio reviews uk,3,suffix,review,en,US,success
radio,radio review irish times,4,suffix,review,en,US,success
radio,reviewbrah radio show,5,suffix,review,en,US,success
radio,reviewbrah radio,6,suffix,review,en,US,success
radio,reviews radio frequency skin tightening,7,suffix,review,en,US,success
radio,reviews radio city apartments,8,suffix,review,en,US,success
radio,review radio days,9,suffix,review,en,US,success
radio,reviews radio hotel,10,suffix,review,en,US,success
radio,radio days,1,alphabet,d,en,US,success
radio,radio days cast,2,alphabet,d,en,US,success
radio,radio demon,3,alphabet,d,en,US,success
radio,radio disney,4,alphabet,d,en,US,success
radio,radio delilah,5,alphabet,d,en,US,success
radio,radio definition,6,alphabet,d,en,US,success
radio,radio de el salvador,7,alphabet,d,en,US,success
radio,radio dolls,8,alphabet,d,en,US,success
radio,radio dc,9,alphabet,d,en,US,success
radio,radio dispatch,10,alphabet,d,en,US,success
radio,radio america,1,alphabet,a,en,US,success
radio,radio app,2,alphabet,a,en,US,success
radio,radio ambulante,3,alphabet,a,en,US,success
radio,radio antenna,4,alphabet,a,en,US,success
radio,radio alphabet,5,alphabet,a,en,US,success
radio,radio america 900 am,6,alphabet,a,en,US,success
radio,radio active shrimp,7,alphabet,a,en,US,success
radio,radio alarm clock,8,alphabet,a,en,US,success
radio,radio america en vivo,9,alphabet,a,en,US,success
radio,radio andy,10,alphabet,a,en,US,success
radio,radio button,1,alphabet,b,en,US,success
radio,radio bakery brooklyn,2,alphabet,b,en,US,success
radio,radio bershy,3,alphabet,b,en,US,success
radio,radio bershy lyrics,4,alphabet,b,en,US,success
radio,radio bakery,5,alphabet,b,en,US,success
radio,radio band,6,alphabet,b,en,US,success
radio,radio bakery nyc,7,alphabet,b,en,US,success
radio,radio button html,8,alphabet,b,en,US,success
radio,radio broadcast,9,alphabet,b,en,US,success
radio,radio bluetooth adapter,10,alphabet,b,en,US,success
radio,radio city rockettes,2,alphabet,c,en,US,success
radio,radio city christmas spectacular,3,alphabet,c,en,US,success
radio,radio city,4,alphabet,c,en,US,success
radio,radio city apartments,5,alphabet,c,en,US,success
radio,radio christmas,6,alphabet,c,en,US,success
radio,radio canada,7,alphabet,c,en,US,success
radio,radio city music hall tickets,8,alphabet,c,en,US,success
radio,radio cast,9,alphabet,c,en,US,success
radio,radio company,10,alphabet,c,en,US,success
radio,radio garden,1,alphabet,g,en,US,success
radio,radio gaga,2,alphabet,g,en,US,success
radio,radio gaga lyrics,3,alphabet,g,en,US,success
radio,radio guy,4,alphabet,g,en,US,success
radio,radio gaga queen,5,alphabet,g,en,US,success
radio,radio globo hn,6,alphabet,g,en,US,success
radio,radio garden website,7,alphabet,g,en,US,success
radio,radio galaxy,8,alphabet,g,en,US,success
radio,radio gif,9,alphabet,g,en,US,success
radio,radio guatemala,10,alphabet,g,en,US,success
radio,radio hotel nyc,1,alphabet,h,en,US,success
radio,radio hotel,3,alphabet,h,en,US,success
radio,radio hotel reviews,4,alphabet,h,en,US,success
radio,radio headphones,5,alphabet,h,en,US,success
radio,radio hero band,6,alphabet,h,en,US,success
radio,radiohead songs,8,alphabet,h,en,US,success
radio,radio host,9,alphabet,h,en,US,success
radio,radio harness,10,alphabet,h,en,US,success
radio,radio edit automotive,1,alphabet,e,en,US,success
radio,radio el salvador,2,alphabet,e,en,US,success
radio,radio earpiece,3,alphabet,e,en,US,success
radio,radio exitosa en vivo,4,alphabet,e,en,US,success
radio,radio el sol,5,alphabet,e,en,US,success
radio,radio echoes,6,alphabet,e,en,US,success
radio,radio etiquette,7,alphabet,e,en,US,success
radio,radio eva,8,alphabet,e,en,US,success
radio,radio exitosa,9,alphabet,e,en,US,success
radio,radio emoji,10,alphabet,e,en,US,success
radio,radio flyer,1,alphabet,f,en,US,success
radio,radio farda,2,alphabet,f,en,US,success
radio,radio flyer wagon,3,alphabet,f,en,US,success
radio,radio flyer movie,4,alphabet,f,en,US,success
radio,radio flyer tricycle,5,alphabet,f,en,US,success
radio,radio frequency,8,alphabet,f,en,US,success
radio,radio flyer film,9,alphabet,f,en,US,success
radio,radio flyer scooter,10,alphabet,f,en,US,success
radio,radio in german,1,alphabet,i,en,US,success
radio,radio iq,2,alphabet,i,en,US,success
radio,radio installation near me,3,alphabet,i,en,US,success
radio,radio invention date,4,alphabet,i,en,US,success
radio,radio in spanish,5,alphabet,i,en,US,success
radio,radio ink,6,alphabet,i,en,US,success
radio,radio insight,7,alphabet,i,en,US,success
radio,radio in german language,8,alphabet,i,en,US,success
radio,radio id,9,alphabet,i,en,US,success
radio,radio input html,10,alphabet,i,en,US,success
radio,radio javan,1,alphabet,j,en,US,success
radio,radio javan events,2,alphabet,j,en,US,success
radio,radio javan halloween party 2025,3,alphabet,j,en,US,success
radio,radio jobs,4,alphabet,j,en,US,success
radio,radio jamaica,5,alphabet,j,en,US,success
radio,radio jobs near me,6,alphabet,j,en,US,success
radio,radio javan party dc,7,alphabet,j,en,US,success
radio,radio javan halloween party,8,alphabet,j,en,US,success
radio,radio jammer,9,alphabet,j,en,US,success
radio,radio jambo kenya,10,alphabet,j,en,US,success
radio,radio net,1,alphabet,n,en,US,success
radio,radio navicode honda,5,alphabet,n,en,US,success
radio,radio news,6,alphabet,n,en,US,success
radio,radio new zealand,7,alphabet,n,en,US,success
radio,radio news stations,8,alphabet,n,en,US,success
radio,radio nueva q,9,alphabet,n,en,US,success
radio,radio nowhere,10,alphabet,n,en,US,success
radio,radio locator,1,alphabet,l,en,US,success
radio,radio lego,2,alphabet,l,en,US,success
radio,radio lego set,3,alphabet,l,en,US,success
radio,radio lana del rey lyrics,4,alphabet,l,en,US,success
radio,radiolab,5,alphabet,l,en,US,success
radio,radio la chevere,6,alphabet,l,en,US,success
radio,radio lyrics,7,alphabet,l,en,US,success
radio,radio license,8,alphabet,l,en,US,success
radio,radio liberty,9,alphabet,l,en,US,success
radio,radio live,10,alphabet,l,en,US,success
radio,radio killed the radio star,1,alphabet,k,en,US,success
radio,radio kaikan,2,alphabet,k,en,US,success
radio,radio killed the video star,3,alphabet,k,en,US,success
radio,radio kit,4,alphabet,k,en,US,success
radio,radio knob,5,alphabet,k,en,US,success
radio,radio king,6,alphabet,k,en,US,success
radio,radio kaos,7,alphabet,k,en,US,success
radio,radio korea,8,alphabet,k,en,US,success
radio,radio kennedy,9,alphabet,k,en,US,success
radio,radio kawsachun coca,10,alphabet,k,en,US,success
radio,radio movie cast,2,alphabet,m,en,US,success
radio,radio man,3,alphabet,m,en,US,success
radio,radio mars,4,alphabet,m,en,US,success
radio,radio marca,5,alphabet,m,en,US,success
radio,radio maroc,6,alphabet,m,en,US,success
radio,radio music,7,alphabet,m,en,US,success
radio,radio movie trailer,8,alphabet,m,en,US,success
radio,radio margaritaville,9,alphabet,m,en,US,success
radio,radio master,10,alphabet,m,en,US,success
radio,radio one,1,alphabet,o,en,US,success
radio,radio okapi,2,alphabet,o,en,US,success
radio,radio orphan annie,4,alphabet,o,en,US,success
radio,radio one silver spring,5,alphabet,o,en,US,success
radio,radio one stations,6,alphabet,o,en,US,success
radio,radio one careers,7,alphabet,o,en,US,success
radio,radio one jobs,8,alphabet,o,en,US,success
radio,radio on phone,9,alphabet,o,en,US,success
radio,radio operator license,10,alphabet,o,en,US,success
radio,radio quiet zones,1,alphabet,q,en,US,success
radio,radio que buena,2,alphabet,q,en,US,success
radio,radio quiet zone wv,3,alphabet,q,en,US,success
radio,radio que onda,4,alphabet,q,en,US,success
radio,radio quito ecuador,5,alphabet,q,en,US,success
radio,radio queen,6,alphabet,q,en,US,success
radio,radio q codes,7,alphabet,q,en,US,success
radio,radio quotes,8,alphabet,q,en,US,success
radio,radio queen lyrics,9,alphabet,q,en,US,success
radio,radio qth,10,alphabet,q,en,US,success
radio,radio paradise,1,alphabet,p,en,US,success
radio,radio panamericana bolivia,2,alphabet,p,en,US,success
radio,radio personality,3,alphabet,p,en,US,success
radio,radio peru,4,alphabet,p,en,US,success
radio,radio player,5,alphabet,p,en,US,success
radio,radio programas del peru,6,alphabet,p,en,US,success
radio,radio play,7,alphabet,p,en,US,success
radio,radio panamericana,8,alphabet,p,en,US,success
radio,radio panamericana peru,9,alphabet,p,en,US,success
radio,radio pouch,10,alphabet,p,en,US,success
radio,radio stations washington,2,alphabet,s,en,US,success
radio,radio stations alexandria va,3,alphabet,s,en,US,success
radio,radio stations,4,alphabet,s,en,US,success
radio,radio shack near me,5,alphabet,s,en,US,success
radio,radio stations near me,6,alphabet,s,en,US,success
radio,radio silence,7,alphabet,s,en,US,success
radio,radio stations playing christmas music,8,alphabet,s,en,US,success
radio,radio svoboda,9,alphabet,s,en,US,success
radio,radio station for commanders game,10,alphabet,s,en,US,success
radio,radio rebel,1,alphabet,r,en,US,success
radio,radio reference,2,alphabet,r,en,US,success
radio,radio raheem,3,alphabet,r,en,US,success
radio,radio rebel cast,4,alphabet,r,en,US,success
radio,radio rental,5,alphabet,r,en,US,success
radio,radio repair near me,6,alphabet,r,en,US,success
radio,radio rental podcast,7,alphabet,r,en,US,success
radio,radio rwanda,8,alphabet,r,en,US,success
radio,radio receiver,9,alphabet,r,en,US,success
radio,radio radio lyrics,10,alphabet,r,en,US,success
radio,radio x,1,alphabet,x,en,US,success
radio,radio xm,2,alphabet,x,en,US,success
radio,radio x san andreas,3,alphabet,x,en,US,success
radio,radio xx band,4,alphabet,x,en,US,success
radio,radio xx,5,alphabet,x,en,US,success
radio,radio x oasis,6,alphabet,x,en,US,success
radio,radio x gta,7,alphabet,x,en,US,success
radio,radio x london,8,alphabet,x,en,US,success
radio,radio xmas music,9,alphabet,x,en,US,success
radio,radio x uk,10,alphabet,x,en,US,success
radio,radio vatani,1,alphabet,v,en,US,success
radio,radio verdad,2,alphabet,v,en,US,success
radio,radio video lyrics,3,alphabet,v,en,US,success
radio,radio vinyl band,4,alphabet,v,en,US,success
radio,radio vinyl,5,alphabet,v,en,US,success
radio,radio vida en abundancia,6,alphabet,v,en,US,success
radio,radio video boogie with a suitcase,7,alphabet,v,en,US,success
radio,radio venceremos,8,alphabet,v,en,US,success
radio,radio video,9,alphabet,v,en,US,success
radio,radio voice,10,alphabet,v,en,US,success
radio,radio unida 920,1,alphabet,u,en,US,success
radio,radio usa,2,alphabet,u,en,US,success
radio,radio url,3,alphabet,u,en,US,success
radio,radio unida,4,alphabet,u,en,US,success
radio,radio ulnar joint,5,alphabet,u,en,US,success
radio,radio universidad de chile,6,alphabet,u,en,US,success
radio,radio url for imvu,7,alphabet,u,en,US,success
radio,radio upgrade,8,alphabet,u,en,US,success
radio,radio uno cucuta en vivo,9,alphabet,u,en,US,success
radio,radio usa app,10,alphabet,u,en,US,success
radio,radio waves,1,alphabet,w,en,US,success
radio,radio world,2,alphabet,w,en,US,success
radio,radio war nerd,3,alphabet,w,en,US,success
radio,radio with cd player,4,alphabet,w,en,US,success
radio,radio wiring diagram,5,alphabet,w,en,US,success
radio,radio walkie talkie,6,alphabet,w,en,US,success
radio,radio waves wavelength,7,alphabet,w,en,US,success
radio,radio with bluetooth,8,alphabet,w,en,US,success
radio,radio washington dc,9,alphabet,w,en,US,success
radio,radio walmart,10,alphabet,w,en,US,success
radio,radio taiso,1,alphabet,t,en,US,success
radio,radio tower,2,alphabet,t,en,US,success
radio,radio times,3,alphabet,t,en,US,success
radio,radio the movie,4,alphabet,t,en,US,success
radio,radio telescope,5,alphabet,t,en,US,success
radio,radio transmitter,6,alphabet,t,en,US,success
radio,radial tire,7,alphabet,t,en,US,success
radio,radio tuner,8,alphabet,t,en,US,success
radio,radio taiso exercises,9,alphabet,t,en,US,success
radio,radio technician,10,alphabet,t,en,US,success
radio,radio zu,1,alphabet,z,en,US,success
radio,radio zu romania,2,alphabet,z,en,US,success
radio,radio zet,3,alphabet,z,en,US,success
radio,radio zamaneh,4,alphabet,z,en,US,success
radio,radio zenit dayz,5,alphabet,z,en,US,success
radio,radio zu live,6,alphabet,z,en,US,success
radio,radio zindagi,7,alphabet,z,en,US,success
radio,radio zenit,8,alphabet,z,en,US,success
radio,radio z,9,alphabet,z,en,US,success
radio,radio zack ryder,10,alphabet,z,en,US,success
radio,radio yskl,1,alphabet,y,en,US,success
radio,radio yskl en vivo,2,alphabet,y,en,US,success
radio,radio ya nicaragua,3,alphabet,y,en,US,success
radio,radio yogi,4,alphabet,y,en,US,success
radio,radio yaravi en vivo,5,alphabet,y,en,US,success
radio,radio yoga,6,alphabet,y,en,US,success
radio,radio yar plus 2,7,alphabet,y,en,US,success
radio,radio ya,8,alphabet,y,en,US,success
radio,radio yskl de el salvador en vivo,9,alphabet,y,en,US,success
radio,radio yxy el salvador,10,alphabet,y,en,US,success
radio,can radiologists work from home,1,question,can,en,US,success
radio,can radio waves cause cancer,2,question,can,en,US,success
radio,can radio waves be harmful,3,question,can,en,US,success
radio,can radio waves travel through space,4,question,can,en,US,success
radio,can radio frequency cause cancer,5,question,can,en,US,success
radio,can radio,6,question,can,en,US,success
radio,can radiology techs have tattoos,7,question,can,en,US,success
radio,can radio waves travel through a vacuum,8,question,can,en,US,success
radio,can radiologist have tattoos,9,question,can,en,US,success
radio,can radio waves travel through water,10,question,can,en,US,success
radio,who radio,1,question,who,en,US,success
radio,who radio live,2,question,who,en,US,success
radio,who radio des moines,3,question,who,en,US,success
radio,who radio iowa,4,question,who,en,US,success
radio,who radio station,5,question,who,en,US,success
radio,who radio 1040,6,question,who,en,US,success
radio,who radio personalities,7,question,who,en,US,success
radio,who radio live stream,8,question,who,en,US,success
radio,who radio schedule,9,question,who,en,US,success
radio,who radio news,10,question,who,en,US,success
radio,which radio station plays christmas music,1,question,which,en,US,success
radio,which radio station is delilah on,2,question,which,en,US,success
radio,which radio station,3,question,which,en,US,success
radio,which radio station plays rap,4,question,which,en,US,success
radio,which radio station plays christmas songs,5,question,which,en,US,success
radio,which radiology modality pays the most,6,question,which,en,US,success
radio,which radio station plays kpop,7,question,which,en,US,success
radio,which radio station plays christian music,8,question,which,en,US,success
radio,which radio station plays rock,9,question,which,en,US,success
radio,which radio station is the world series on,10,question,which,en,US,success
radio,will radiohead tour in the us,1,question,will,en,US,success
radio,will radiologists be replaced by ai,2,question,will,en,US,success
radio,will radiohead tour again,3,question,will,en,US,success
radio,will radiohead release another album,4,question,will,en,US,success
radio,will radiology techs be replaced by ai,5,question,will,en,US,success
radio,will radiohead come to america,6,question,will,en,US,success
radio,will radioapple be canon,7,question,will,en,US,success
radio,will radiohead tour us in 2026,8,question,will,en,US,success
radio,will radiology be replaced by ai,9,question,will,en,US,success
radio,will radiohead tour in the us again,10,question,will,en,US,success
radio,should radiology be capitalized,1,question,should,en,US,success
radio,radiopharmaceuticals should emit,2,question,should,en,US,success
radio,should i leave radio on for my cat,3,question,should,en,US,success
radio,should i leave radio on for my dog,4,question,should,en,US,success
radio,should i become radiologist,5,question,should,en,US,success
radio,what major should radiology be,6,question,should,en,US,success
radio,do radio stations still take requests,7,question,should,en,US,success
radio,why do i interfere with radio,8,question,should,en,US,success
radio,is a weather radio necessary,9,question,should,en,US,success
radio,how much radiologist make,1,question,how much,en,US,success
radio,how much radiology tech make,2,question,how much,en,US,success
radio,how much radiology technician make,3,question,how much,en,US,success
radio,how much radiology tech make an hour,4,question,how much,en,US,success
radio,how much radiologist tech make,5,question,how much,en,US,success
radio,how much radiologist make a year,6,question,how much,en,US,success
radio,how much radioactive waste is produced,7,question,how much,en,US,success
radio,how much radioactivity is dangerous,8,question,how much,en,US,success
radio,how much radioactive material was released from chernobyl,9,question,how much,en,US,success
radio,how much radiology make,10,question,how much,en,US,success
radio,does radiohead still tour,1,question,does,en,US,success
radio,does radio shack still exist,2,question,does,en,US,success
radio,does radiohead support israel,3,question,does,en,US,success
radio,does radiohead still make music,4,question,does,en,US,success
radio,does radiology do ultrasounds,5,question,does,en,US,success
radio,does radiohead hate creep,6,question,does,en,US,success
radio,does radiology require math,7,question,does,en,US,success
radio,does radio frequency cause cancer,8,question,does,en,US,success
radio,does radiofrequency ablation hurt,9,question,does,en,US,success
radio,does radioactive iodine cause cancer,10,question,does,en,US,success
radio,is it radio or radial button,1,question,is it,en,US,success
radio,is it radiology or radiography,2,question,is it,en,US,success
radio,is it radiology technician or technologist,3,question,is it,en,US,success
radio,is it radiology tech week,4,question,is it,en,US,success
radio,is it radiographer or radiologist,5,question,is it,en,US,success
radio,is it radiohead's last tour,6,question,is it,en,US,success
radio,is it radiotherapy or radiation therapy,7,question,is it,en,US,success
radio,is it radioactive in hiroshima,8,question,is it,en,US,success
radio,do radio stations still use records,9,question,is it,en,US,success
radio,is radio still relevant,10,question,is it,en,US,success
radio,how many radio shacks are left,1,question,how many,en,US,success
radio,how many radiologists in the us,2,question,how many,en,US,success
radio,how many radio stations in the us,3,question,how many,en,US,success
radio,how many radioshack stores are left,4,question,how many,en,US,success
radio,how many radioactive elements are there,5,question,how many,en,US,success
radio,how many radio frequencies are there,6,question,how many,en,US,success
radio,how many radio city rockettes are there,7,question,how many,en,US,success
radio,how many radio shacks are still open,8,question,how many,en,US,success
radio,how many radiohead songs are there,9,question,how many,en,US,success
radio,how many radiohead albums are there,10,question,how many,en,US,success
radio,best to way radio,1,question,best way to,en,US,success
radio,best way to get radioactive ore stardew,2,question,best way to,en,US,success
radio,best way to farm radioactive ore stardew,3,question,best way to,en,US,success
radio,best way to connect radio wires,4,question,best way to,en,US,success
radio,best way to learn radiology,5,question,best way to,en,US,success
radio,best way to win radio call in contest,6,question,best way to,en,US,success
radio,best way to get radioactive ore,7,question,best way to,en,US,success
radio,best way to farm radioactive material blox fruits,8,question,best way to,en,US,success
radio,best way to stream radio stations,9,question,best way to,en,US,success
radio,best way to study radiology,10,question,best way to,en,US,success